date,Response
2022/3/25 18:29,"Sentiment score: -15
Relatedness: 90"
2022/3/25 19:01,"Sentiment score: 40
Relatedness: 80"
2022/3/25 19:06,"Sentiment score: 50
Relatedness: 80"
2022/3/25 19:08,"Sentiment score: 20
Relatedness: 50"
2022/3/25 20:00,"Sentiment score: -70
Relatedness: 80"
2022/3/25 20:07,"Sentiment score: 50
Relatedness: 80"
2022/3/25 20:13,"Sentiment score: -20
Relatedness: 70"
2022/3/25 20:15,"Sentiment score: -30
Relatedness: 70"
2022/3/25 20:53,"Sentiment score: 10
Relatedness: 70"
2020/5/22 4:20,"Sentiment score: 65
Relatedness: 80"
2020/5/22 4:23,"Sentiment score: -30
Relatedness: 70"
2020/5/22 4:56,"Sentiment score: 15
Relatedness: 70"
2020/5/22 4:59,"Sentiment score: -10
Relatedness: 70"
2020/5/22 15:34,"Sentiment score: 25
Relatedness: 80"
2020/5/22 16:36,"Sentiment score: 60
Relatedness: 80"
2020/5/22 16:38,"Sentiment score: 60
Relatedness: 80"
2020/5/22 17:40,"Sentiment score: 70
Relatedness: 85"
2020/5/22 17:55,"Sentiment score: 40
Relatedness: 70"
2020/5/23 14:10,"Sentiment score: 70
Relatedness: 85"
2021/3/24 3:33,"Sentiment score: 10
Relatedness: 70"
2021/3/24 3:37,"Sentiment score: 30
Relatedness: 70"
2021/3/24 3:46,"Sentiment score: 50
Relatedness: 40"
2021/3/24 3:51,"Sentiment score: 40
Relatedness: 70"
2021/3/24 4:42,"Sentiment score: -30
Relatedness: 70"
2021/3/24 16:15,"Sentiment score: 60
Relatedness: 80"
2023/8/30 16:50,"Sentiment score: 60
Relatedness: 75"
2023/8/30 23:17,"Sentiment score: 50
Relatedness: 70"
2023/8/31 5:58,"Sentiment score: 60
Relatedness: 50"
2023/8/31 6:53,"Sentiment score: -45
Relatedness: 60"
2023/8/31 16:42,"Sentiment score: -10
Relatedness: 30"
2023/8/31 16:43,"Sentiment score: 0
Relatedness: 50"
2023/8/31 21:37,"Sentiment score: 70
Relatedness: 85"
2023/12/19 5:28,"Sentiment score: 20 
Relatedness: 30"
2023/12/19 5:32,"Sentiment score: -20
Relatedness: 30"
2023/12/19 6:14,"Sentiment score: 0
Relatedness: 10"
2023/12/19 7:08,"Sentiment score: 30
Relatedness: 70"
2023/12/19 13:28,"Sentiment score: 30
Relatedness: 55"
2023/12/19 15:07,"Sentiment score: -5
Relatedness: 40"
2023/12/19 15:34,"Sentiment score: 10
Relatedness: 60"
2023/12/19 17:00,"Sentiment score: 10
Relatedness: 60"
2023/12/19 19:41,"Sentiment score: -50
Relatedness: 20"
2023/12/19 19:49,"Sentiment score: -20
Relatedness: 10"
2023/12/19 22:46,"Sentiment score: 20
Relatedness: 60"
2023/12/19 22:48,"Sentiment score: 5
Relatedness: 60"
2023/12/19 22:48,"Sentiment score: 10
Relatedness: 30"
2023/12/19 22:56,"Sentiment score: 20
Relatedness: 50"
2023/12/20 5:58,"Sentiment score: -80
Relatedness: 60"
2023/12/20 17:27,"Sentiment score: 60
Relatedness: 30"
2023/12/28 18:47,"Sentiment score: 60
Relatedness: 80"
2023/12/28 18:53,"Sentiment score: 10
Relatedness: 60"
2023/12/29 0:40,"Sentiment score: 60
Relatedness: 70"
2023/12/29 4:51,"Sentiment score: 20
Relatedness: 60"
2023/12/29 22:13,"Sentiment score: 25
Relatedness: 80"
2023/8/22 14:41,"Sentiment score: -60
Relatedness: 30"
2023/8/22 15:00,"Sentiment score: -70
Relatedness: 60"
2023/8/22 15:44,"Sentiment score: -40
Relatedness: 70"
2023/8/22 16:06,"Sentiment score: -50
Relatedness: 70"
2023/8/23 6:17,"Sentiment score: -80
Relatedness: 60"
2023/8/23 17:06,"Sentiment score: -5
Relatedness: 75"
2023/1/1 14:45,"Sentiment score: -20
Relatedness: 80"
2023/1/1 16:16,"Sentiment score: 60
Relatedness: 80"
2023/1/1 16:47,"Sentiment score: 20
Relatedness: 60"
2023/1/1 17:21,"Sentiment score: 40
Relatedness: 75"
2023/1/1 21:17,"Sentiment score: 20
Relatedness: 80"
2022/3/11 2:44,"Sentiment score: -70
Relatedness: 60"
2022/3/11 3:00,"Sentiment score: -70
Relatedness: 60"
2022/3/11 3:32,"Sentiment score: -20
Relatedness: 80"
2022/3/11 5:48,"Sentiment score: 20
Relatedness: 70"
2022/3/11 6:00,"Sentiment score: 20
Relatedness: 85"
2022/3/11 6:13,"Sentiment score: 10
Relatedness: 80"
2022/3/11 7:33,"Sentiment score: -10
Relatedness: 80"
2022/3/11 14:50,"Sentiment score: 60
Relatedness: 80"
2022/3/11 14:58,"Sentiment score: 50
Relatedness: 75"
2022/3/11 16:10,"Sentiment score: 40
Relatedness: 80"
2022/3/11 16:24,"Sentiment score: -20  
Relatedness: 15"
2022/3/11 19:27,"Sentiment score: 20
Relatedness: 80"
2022/3/11 20:42,"Sentiment score: 40
Relatedness: 60"
2022/3/11 21:05,"Sentiment score: -75
Relatedness: 90"
2022/3/11 21:08,"Sentiment score: 50
Relatedness: 80"
2022/3/12 3:40,"Sentiment score: 60
Relatedness: 80"
2023/4/16 23:29,"Sentiment score: 25
Relatedness: 50"
2023/4/17 0:24,"Sentiment score: 10
Relatedness: 60"
2023/4/17 0:29,"Sentiment score: -10
Relatedness: 60"
2023/4/17 1:35,"Sentiment score: 10
Relatedness: 75"
2023/4/17 2:44,"Sentiment score: 10
Relatedness: 20"
2023/4/17 3:05,"Sentiment score: 10
Relatedness: 60"
2023/4/17 5:29,"Sentiment score: 45
Relatedness: 60"
2023/4/17 12:49,"Sentiment score: 60
Relatedness: 70"
2023/4/17 18:18,"Sentiment score: 25
Relatedness: 60"
2023/4/17 22:42,"Sentiment score: 35
Relatedness: 70"
2023/4/18 0:19,"Sentiment score: 15
Relatedness: 70"
2023/4/18 2:52,"Sentiment score: 20
Relatedness: 50"
2023/4/18 4:32,"Sentiment score: 68
Relatedness: 87"
2023/12/21 22:18,"Sentiment score: -10
Relatedness: 60"
2023/12/21 22:52,"Sentiment score: 20
Relatedness: 60"
2023/12/21 23:20,"Sentiment score: 10
Relatedness: 30"
2023/12/21 23:28,"Sentiment score: 60
Relatedness: 85"
2023/12/22 4:09,"Sentiment score: 10
Relatedness: 60"
2023/12/22 17:43,"Sentiment score: 60
Relatedness: 80"
2023/12/22 18:07,"Sentiment score: 10
Relatedness: 60"
2023/12/22 18:17,"Sentiment score: 20
Relatedness: 75"
2023/12/22 18:39,"Sentiment score: 10
Relatedness: 20"
2023/12/22 18:48,"Sentiment score: 20
Relatedness: 10"
2023/12/22 19:17,"Sentiment score: 30
Relatedness: 80"
2023/12/22 19:30,"Sentiment score: -30
Relatedness: 70"
2023/12/22 19:40,"Sentiment score: -30
Relatedness: 70"
2023/12/22 20:03,"Sentiment score: 10  
Relatedness: 80"
2023/12/22 22:26,"Sentiment score: 40
Relatedness: 75"
2023/12/22 22:57,"Sentiment score: 30
Relatedness: 10"
2023/12/23 17:37,"Sentiment score: 24
Relatedness: 65"
2023/12/23 18:03,"Sentiment score: 20
Relatedness: 60"
2024/1/2 23:05,"Sentiment score: 30
Relatedness: 70"
2024/1/5 0:41,"Sentiment score: -15
Relatedness: 70"
2021/1/30 20:02,"Sentiment score: 10
Relatedness: 60"
2021/1/30 20:10,"Sentiment score: 60
Relatedness: 80"
2021/1/30 20:50,"Sentiment score: 70
Relatedness: 90"
2021/1/30 20:58,"Sentiment score: 30
Relatedness: 70"
2021/1/30 21:03,"Sentiment score: 20
Relatedness: 65"
2021/1/30 21:03,"Sentiment score: 20
Relatedness: 10"
2021/1/31 14:47,"Sentiment score: -20
Relatedness: 40"
2021/1/31 14:57,"Sentiment score: -20
Relatedness: 70"
2021/1/31 15:47,"Sentiment score: -20
Relatedness: 60"
2021/1/31 17:58,"Sentiment score: -10
Relatedness: 70"
2021/1/31 18:17,"Sentiment score: 15
Relatedness: 70"
2021/2/24 18:58,"Sentiment score: -20
Relatedness: 85"
2021/2/24 22:53,"Sentiment score: 60
Relatedness: 80"
2021/2/24 23:20,"Sentiment score: 80
Relatedness: 90"
2021/2/24 23:52,"Sentiment score: 70
Relatedness: 85"
2021/2/25 1:06,"Sentiment score: 60
Relatedness: 80"
2021/2/25 1:11,"Sentiment score: -50
Relatedness: 70"
2021/2/25 1:17,"Sentiment score: -70
Relatedness: 60"
2022/3/10 22:35,"Sentiment score: 80
Relatedness: 90"
2022/3/15 20:02,"Sentiment score: 50
Relatedness: 70"
2022/3/16 0:31,"Sentiment score: 60
Relatedness: 70"
2022/3/16 6:22,"Sentiment score: 70
Relatedness: 80"
2022/3/16 14:58,"Sentiment score: 10
Relatedness: 80"
2022/3/16 16:08,"Sentiment score: 15
Relatedness: 70"
2022/3/16 16:17,"Sentiment score: 50
Relatedness: 80"
2022/3/16 16:19,"Sentiment score: 10
Relatedness: 80"
2022/3/21 9:37,"Sentiment score: 50
Relatedness: 80"
2022/3/21 23:10,"Sentiment score: 70
Relatedness: 90"
2022/3/23 19:59,"Sentiment score: 80
Relatedness: 90"
2022/3/24 3:22,"Sentiment score: 60
Relatedness: 75"
2022/3/30 21:34,"Sentiment score: -40
Relatedness: 70"
2022/3/31 17:20,"Sentiment score: -70
Relatedness: 60"
2022/3/31 17:33,"Sentiment score: 70  
Relatedness: 90"
2022/4/1 22:54,"Sentiment score: -60
Relatedness: 75"
2023/10/22 20:37,"Sentiment score: -30
Relatedness: 80"
2023/10/22 21:56,"Sentiment score: 20
Relatedness: 40"
2023/10/22 22:27,"Sentiment score: 70
Relatedness: 20"
2023/10/22 22:44,"Sentiment score: -25
Relatedness: 40"
2023/10/22 23:39,"Sentiment score: 70
Relatedness: 20"
2023/10/22 23:41,"Sentiment score: 20
Relatedness: 70"
2023/10/23 0:20,"Sentiment score: 20
Relatedness: 70"
2023/10/23 1:05,"Sentiment score: 
Relatedness:  "
2023/10/23 1:25,"Sentiment score: 20
Relatedness: 60"
2023/10/23 2:39,"Sentiment score: -50
Relatedness: 80"
2023/10/23 4:11,"Sentiment score: 10
Relatedness: 70"
2023/10/23 4:34,"Sentiment score: -25  
Relatedness: 75"
2023/10/23 6:58,"Sentiment score: -30
Relatedness: 60"
2023/10/23 19:24,"Sentiment score: 70
Relatedness: 60"
2020/4/18 15:22,"Sentiment score: -70
Relatedness: 80"
2020/4/18 15:49,"Sentiment score: -30
Relatedness: 75"
2020/4/18 17:42,"Sentiment score: -60
Relatedness: 80"
2021/3/4 17:10,"Sentiment score: 30
Relatedness: 70"
2021/3/4 18:20,"Sentiment score: 60 
Relatedness: 80"
2021/3/4 20:25,"Sentiment score: 30
Relatedness: 70"
2021/3/4 20:33,"Sentiment score: 25  
Relatedness: 80"
2021/3/4 21:13,"Sentiment score: 60
Relatedness: 80"
2021/3/4 21:30,"Sentiment score: 70
Relatedness: 60"
2021/3/4 21:36,"Sentiment score: 70
Relatedness: 80"
2021/3/4 21:40,"Sentiment score: 40
Relatedness: 60"
2021/3/5 1:02,"Sentiment score: 60
Relatedness: 80"
2021/3/5 15:52,"Sentiment score: -20
Relatedness: 60"
2021/3/5 16:15,"Sentiment score: 60
Relatedness: 40"
2021/3/5 17:22,"Sentiment score: 30
Relatedness: 80"
2021/3/5 17:54,"Sentiment score: 75
Relatedness: 80"
2021/3/5 18:42,"Sentiment score: 50
Relatedness: 80"
2021/3/5 20:55,"Sentiment score: 20
Relatedness: 60"
2021/3/5 21:44,"Sentiment score: 10
Relatedness: 30"
2021/3/5 23:22,"Sentiment score: 10
Relatedness: 60"
2021/3/6 2:58,"Sentiment score: 20
Relatedness: 40"
2021/3/6 3:32,"Sentiment score: -20
Relatedness: 70"
2021/3/6 4:12,"Sentiment score: -10
Relatedness: 30"
2021/3/6 4:20,"Sentiment score: 75
Relatedness: 90"
2023/3/10 19:54,"Sentiment score: 20
Relatedness: 70"
2023/3/10 20:23,"Sentiment score: 20
Relatedness: 80"
2023/3/10 20:32,"Sentiment score: 20
Relatedness: 70"
2023/3/10 21:04,"Sentiment score: 20
Relatedness: 70"
2023/3/10 22:19,"Sentiment score: 30
Relatedness: 60"
2023/3/11 2:24,"Sentiment score: 60
Relatedness: 80"
2023/3/11 2:43,"Sentiment score: 40
Relatedness: 60"
2023/3/11 3:27,"Sentiment score: -5
Relatedness: 60"
2023/3/11 4:33,"Sentiment score: 10
Relatedness: 75"
2023/3/11 4:34,"Sentiment score: 25
Relatedness: 70"
2023/3/11 4:37,"Sentiment score: -10
Relatedness: 60"
2023/3/11 8:20,"Sentiment score: 10
Relatedness: 80"
2023/3/11 14:19,"Sentiment score: -10
Relatedness: 30"
2023/3/11 14:55,"Sentiment score: 60
Relatedness: 40"
2023/3/11 15:02,"Sentiment score: -10
Relatedness: 30"
2023/3/11 15:11,"Sentiment score: -30
Relatedness: 50"
2023/3/11 15:48,"Sentiment score: 20 
Relatedness: 80"
2023/3/11 16:11,"Sentiment score: -50
Relatedness: 70"
2023/3/12 6:04,"Sentiment score: 20
Relatedness: 75"
2023/3/12 7:37,"Sentiment score: 25
Relatedness: 70"
2023/3/12 14:19,"Sentiment score: 10
Relatedness: 70"
2021/1/29 21:39,"Sentiment score: 70
Relatedness: 90"
2021/1/29 21:46,"Sentiment score: 20
Relatedness: 80"
2021/1/29 21:47,"Sentiment score: 10
Relatedness: 90"
2021/1/29 21:47,"Sentiment score: 20
Relatedness: 70"
2021/1/29 21:54,"Sentiment score: 70  
Relatedness: 80"
2021/1/29 21:58,"Sentiment score: 25
Relatedness: 80"
2021/1/29 23:31,"Sentiment score: 20
Relatedness: 60"
2021/1/29 23:40,"Sentiment score: 70
Relatedness: 80"
2021/1/30 0:10,"Sentiment score: 50
Relatedness: 80"
2021/1/30 3:07,"Sentiment score: 50
Relatedness: 80"
2021/1/30 4:21,"Sentiment score: 65
Relatedness: 80"
2021/1/30 6:25,"Sentiment score: 20
Relatedness: 65"
2021/1/30 6:44,"Sentiment score: 40
Relatedness: 80"
2021/1/30 6:49,"Sentiment score: 20
Relatedness: 70"
2021/1/30 7:17,"Sentiment score: 20
Relatedness: 65"
2021/1/30 14:20,"Sentiment score: 10
Relatedness: 50"
2021/1/30 14:33,"Sentiment score: 25
Relatedness: 70"
2021/1/30 14:40,"Sentiment score: 70
Relatedness: 85"
2021/1/30 14:59,"Sentiment score: 30
Relatedness: 70"
2021/1/30 15:16,"Sentiment score: -25
Relatedness: 55"
2022/9/28 20:57,"Sentiment score: -60
Relatedness: 40"
2022/9/28 21:07,"Sentiment score: 20
Relatedness: 70"
2022/9/28 21:09,"Sentiment score: 20
Relatedness: 60"
2022/9/28 21:15,"Sentiment score: 60
Relatedness: 70"
2022/9/28 22:22,"Sentiment score: -70
Relatedness: 60"
2022/9/29 0:17,"Sentiment score: 70
Relatedness: 80"
2023/12/20 7:51,"Sentiment score: 20
Relatedness: 70"
2023/12/20 14:46,"Sentiment score: 5
Relatedness: 80"
2023/12/21 1:50,"Sentiment score: 30
Relatedness: 60"
2024/2/8 7:53,"Sentiment score: 80
Relatedness: 60"
2024/2/8 8:35,"Sentiment score: 20
Relatedness: 10"
2022/3/13 5:08,"Sentiment score: -10
Relatedness: 70"
2022/3/13 5:35,"Sentiment score: 50

Relatedness: 70"
2022/3/13 5:39,"Sentiment score: 60
Relatedness: 80"
2022/3/13 5:45,"Sentiment score: 0
Relatedness: 100"
2022/3/13 6:11,"Sentiment score: -10
Relatedness: 85"
2022/3/13 15:08,"Sentiment score: -40
Relatedness: 70"
2023/10/9 18:08,"Sentiment score: -10
Relatedness: 70"
2023/10/9 18:38,"Sentiment score: 20
Relatedness: 80"
2023/10/9 18:39,"Sentiment score: 60
Relatedness: 80"
2023/10/9 18:47,"Sentiment score: 60
Relatedness: 80"
2020/1/22 20:47,"Sentiment score: 20
Relatedness: 60"
2020/1/23 4:56,"Sentiment score: 20  
Relatedness: 70"
2023/2/1 18:01,"Sentiment score: 75
Relatedness: 90"
2023/2/1 18:08,"Sentiment score: 75
Relatedness: 90"
2023/2/1 18:34,"Sentiment score: 70
Relatedness: 85"
2023/2/1 18:40,"Sentiment score: 60
Relatedness: 80"
2023/2/1 19:06,"Sentiment score: 50
Relatedness: 80"
2023/2/1 20:49,"Sentiment score: 75
Relatedness: 85"
2023/2/2 0:41,"Sentiment score: 30
Relatedness: 70"
2023/2/2 0:46,"Sentiment score: 45
Relatedness: 75"
2023/2/2 1:39,"Sentiment score: 80
Relatedness: 90"
2023/2/2 1:41,"Sentiment score: 10
Relatedness: 70"
2023/2/2 1:45,"Sentiment score: 25
Relatedness: 60"
2020/8/12 1:59,"Sentiment score: 80
Relatedness: 60"
2020/8/12 5:06,"Sentiment score: 50
Relatedness: 70"
2020/8/12 5:09,"Sentiment score: 45
Relatedness: 80"
2020/8/12 9:07,"Sentiment score: 65
Relatedness: 85"
2020/8/12 12:28,"Sentiment score: Neutral
Relatedness: 70"
2020/8/12 14:36,"Sentiment score: 75
Relatedness: 90"
2020/8/12 14:41,"Sentiment score: 50
Relatedness: 70"
2023/5/22 0:49,"Sentiment score: -40
Relatedness: 70"
2023/5/22 1:00,"Sentiment score: -30
Relatedness: 70"
2023/5/22 2:26,"Sentiment score: 5
Relatedness: 60"
2023/5/22 2:45,"Sentiment score: -30
Relatedness: 70"
2023/5/22 12:51,"Sentiment score: 10
Relatedness: 80"
2023/5/22 15:57,"Sentiment score: -30
Relatedness: 70"
2023/5/22 16:22,"Sentiment score: 60
Relatedness: 70"
2023/5/22 19:49,"Sentiment score: 40
Relatedness: 70"
2023/5/23 1:13,"Sentiment score: -20
Relatedness: 70"
2023/5/23 1:29,"Sentiment score: 60
Relatedness: 70"
2023/5/23 1:36,"Sentiment score: -70
Relatedness: 65"
2023/5/23 1:51,"Sentiment score: 25
Relatedness: 70"
2023/5/23 2:24,"Sentiment score: -70
Relatedness: 60"
2023/5/23 2:25,"Sentiment score: 25
Relatedness: 70"
2023/5/23 2:37,"Sentiment score: 20
Relatedness: 60"
2023/5/23 5:00,"Sentiment score: -30
Relatedness: 70"
2023/5/24 3:20,"Sentiment score: 60
Relatedness: 70"
2021/12/4 16:17,"Sentiment score: 10
Relatedness: 60"
2021/12/4 16:23,"Sentiment score: -20
Relatedness: 60"
2021/12/4 16:54,"Sentiment score: 25
Relatedness: 70"
2021/12/4 17:29,"Sentiment score: -10
Relatedness: 60"
2021/12/4 18:59,"Sentiment score: 0
Relatedness: 0"
2021/12/4 19:20,"Sentiment score: 10
Relatedness: 30"
2021/12/4 19:56,"Sentiment score: 40
Relatedness: 70"
2021/12/23 2:07,"Sentiment score: -70
Relatedness: 50"
2021/12/23 2:22,"Sentiment score: -20
Relatedness: 60"
2021/12/23 2:27,"Sentiment score: -40
Relatedness: 70"
2021/12/23 2:53,"Sentiment score: 10
Relatedness: 60"
2021/12/23 2:58,"Sentiment score: -60
Relatedness: 80"
2021/12/23 3:03,"Sentiment score: 10 
Relatedness: 60"
2021/12/23 3:06,"Sentiment score: -60
Relatedness: 80"
2021/12/23 3:09,"Sentiment score: 10
Relatedness: 70"
2021/12/23 3:11,"Sentiment score: 20
Relatedness: 70"
2021/12/23 3:14,"Sentiment score: -20
Relatedness: 70"
2021/12/23 3:14,"Sentiment score: -20  
Relatedness: 70"
2021/12/23 3:17,"Sentiment score: 25
Relatedness: 70"
2021/12/23 3:19,"Sentiment score: 60
Relatedness: 80"
2021/12/23 3:37,"Sentiment score: -20
Relatedness: 60"
2021/12/23 3:55,"Sentiment score: -10
Relatedness: 70"
2021/12/23 4:04,"Sentiment score: 26
Relatedness: 73"
2021/12/23 4:08,"Sentiment score: -40
Relatedness: 60"
2021/12/23 4:18,"Sentiment score: 70
Relatedness: 85"
2021/12/23 5:05,"Sentiment score: -30
Relatedness: 70"
2021/12/24 4:57,"Sentiment score: 65
Relatedness: 75"
2021/1/1 23:58,"Sentiment score: -70
Relatedness: 30"
2021/1/2 20:42,"Sentiment score: -30
Relatedness: 60"
2021/1/2 21:00,"Sentiment score: -40
Relatedness: 70"
2021/1/2 21:10,"Sentiment score: -25
Relatedness: 75"
2021/1/2 21:52,"Sentiment score: -60
Relatedness: 40"
2021/1/2 21:55,"Sentiment score: -20
Relatedness: 70"
2021/1/2 22:11,"Sentiment score: 60
Relatedness: 80"
2021/1/2 22:40,"Sentiment score: 10
Relatedness: 70"
2021/1/2 22:42,"Sentiment score: 20
Relatedness: 50"
2021/1/2 23:40,"Sentiment score: 25
Relatedness: 70"
2021/1/2 23:47,"Sentiment score: 20
Relatedness: 70"
2021/1/3 0:46,"Sentiment score: -5
Relatedness: 60"
2021/1/3 5:46,"Sentiment score: 40
Relatedness: 70"
2021/1/3 5:58,"Sentiment score: 25
Relatedness: 60"
2021/1/3 6:13,"Sentiment score: 40
Relatedness: 70"
2021/1/3 6:30,"Sentiment score: 65
Relatedness: 80"
2021/1/3 6:46,"Sentiment score: 80
Relatedness: 70"
2021/1/3 8:52,"Sentiment score: 50
Relatedness: 70"
2021/1/3 8:54,"Sentiment score: 25
Relatedness: 70"
2021/1/3 10:12,"Sentiment score: 30  
Relatedness: 20"
2022/12/27 17:19,"Sentiment score: -70
Relatedness: 80"
2022/12/27 17:29,"Sentiment score: -70
Relatedness: 60"
2022/12/27 17:42,"Sentiment score: 25
Relatedness: 70"
2022/12/27 17:43,"Sentiment score: -60
Relatedness: 70"
2022/12/27 18:08,"Sentiment score: 20
Relatedness: 60"
2022/12/27 18:24,"Sentiment score: 10
Relatedness: 60"
2022/12/27 18:34,"Sentiment score: -40
Relatedness: 75"
2022/12/27 18:42,"Sentiment score: 20
Relatedness: 60"
2022/12/27 19:08,"Sentiment score: 20
Relatedness: 60"
2022/12/27 19:11,"Sentiment score: -40
Relatedness: 70"
2022/12/27 19:24,"Sentiment score: 65
Relatedness: 80"
2022/12/27 19:25,"Sentiment score: 75
Relatedness: 90"
2022/12/27 19:39,"Sentiment score: -10
Relatedness: 60"
2022/12/28 2:47,"Sentiment score: -30
Relatedness: 70"
2022/12/28 3:01,"Sentiment score: 70
Relatedness: 80"
2022/12/28 3:52,"Sentiment score: 70
Relatedness: 90"
2022/12/28 3:57,"Sentiment score: -70
Relatedness: 85"
2022/12/28 13:09,"Sentiment score: 30
Relatedness: 70"
2022/12/28 14:18,"Sentiment score: 70
Relatedness: 90"
2022/12/29 17:00,"Sentiment score: 80
Relatedness: 90"
2022/12/29 17:09,"Sentiment score: 10
Relatedness: 80"
2023/8/28 22:19,"Sentiment score: 40
Relatedness: 70"
2023/8/28 22:42,"Sentiment score: 50
Relatedness: 80"
2023/8/28 22:48,"Sentiment score: 50 
Relatedness: 30"
2022/5/31 17:28,"Sentiment score: 25
Relatedness: 75"
2021/11/24 2:42,"Sentiment score: 60
Relatedness: 80"
2021/11/24 2:52,"Sentiment score: 50
Relatedness: 70"
2021/11/24 3:01,"Sentiment score: 50
Relatedness: 80"
2021/11/24 5:31,"Sentiment score: 50
Relatedness: 75"
2021/11/24 5:32,"Sentiment score: 20
Relatedness: 70"
2021/11/24 7:44,"Sentiment score: 70
Relatedness: 85"
2021/7/28 19:05,"Sentiment score: -25
Relatedness: 60"
2021/7/28 20:56,"Sentiment score: 0
Relatedness: 30"
2021/7/28 21:03,"Sentiment score: 50
Relatedness: 60"
2021/7/29 1:20,"Sentiment score: 10
Relatedness: 20"
2021/8/1 4:17,"Sentiment score: 10
Relatedness: 30"
2021/8/1 15:05,"Sentiment score: -10
Relatedness: 30"
2022/8/18 1:17,"Sentiment score: -30
Relatedness: 80"
2022/8/18 1:20,"Sentiment score: 40
Relatedness: 80"
2022/8/18 1:25,"Sentiment score: 15
Relatedness: 50"
2022/8/18 1:31,"Sentiment score: 20
Relatedness: 60"
2022/8/18 1:39,"Sentiment score: 65
Relatedness: 80"
2022/8/18 1:40,"Sentiment score: -5
Relatedness: 60"
2022/8/18 1:53,"Sentiment score: 20
Relatedness: 60"
2022/8/18 2:31,"Sentiment score: 40
Relatedness: 90"
2022/8/18 2:32,"Sentiment score: -10
Relatedness: 60"
2022/8/18 2:39,"Sentiment score: 50
Relatedness: 30"
2022/8/18 2:39,"Sentiment score: 10  
Relatedness: 60"
2022/8/18 2:56,"Sentiment score: 70
Relatedness: 90"
2022/8/18 3:07,"Sentiment score: Neutral
Relatedness: 60"
2022/8/18 3:10,"Sentiment score: 65
Relatedness: 80"
2022/8/18 3:26,"Sentiment score: 20
Relatedness: 30"
2022/8/18 11:34,"Sentiment score: 10
Relatedness: 20"
2022/8/18 13:05,"Sentiment score: 20
Relatedness: 40"
2022/8/18 13:58,"Sentiment score: 60
Relatedness: 80"
2022/8/18 16:13,"Sentiment score: -20
Relatedness: 60"
2022/8/18 16:13,"Sentiment score: 10
Relatedness: 20"
2021/3/21 16:01,"Sentiment score: 65
Relatedness: 80"
2021/3/21 16:06,"Sentiment score: 60
Relatedness: 80"
2021/3/21 17:02,"Sentiment score: 45
Relatedness: 80"
2021/3/21 17:20,"Sentiment score: -10
Relatedness: 80"
2021/3/21 18:11,"Sentiment score: 20
Relatedness: 40"
2021/3/22 1:18,"Sentiment score: 30
Relatedness: 60"
2021/3/22 1:28,"Sentiment score: 65
Relatedness: 70"
2021/3/22 10:36,"Sentiment score: 60
Relatedness: 80"
2023/6/19 1:59,"Sentiment score: -30
Relatedness: 40"
2023/6/19 3:01,"Sentiment score: 30
Relatedness: 60"
2023/6/19 4:06,"Sentiment score: 60
Relatedness: 40"
2023/6/19 6:04,"Sentiment score: -20
Relatedness: 70"
2023/6/19 8:37,"Sentiment score: 60
Relatedness: 30"
2023/6/19 10:28,"Sentiment score: 60
Relatedness: 80"
2023/6/19 13:46,"Sentiment score: 20
Relatedness: 60"
2023/6/19 14:55,"Sentiment score: -20
Relatedness: 50"
2023/6/19 16:58,"Sentiment score: -10
Relatedness: 30"
2023/6/20 0:30,"Sentiment score: -60
Relatedness: 20"
2023/6/20 15:41,"Sentiment score: 5
Relatedness: 20"
2023/6/20 15:45,"Sentiment score: 5
Relatedness: 20"
2023/3/14 23:02,"Sentiment score: 15
Relatedness: 60"
2023/3/14 23:07,"Sentiment score: 10
Relatedness: 60"
2023/3/14 23:14,"Sentiment score: 70
Relatedness: 60"
2023/3/14 23:20,"Sentiment score: 30
Relatedness: 60"
2023/3/14 23:20,"Sentiment score: 20
Relatedness: 40"
2023/3/14 23:26,"Sentiment score: -60
Relatedness: 45"
2023/3/14 23:38,"Sentiment score: 5
Relatedness: 10"
2023/3/15 0:13,"Sentiment score: 30
Relatedness: 40"
2023/3/15 0:24,"Sentiment score: 60
Relatedness: 40"
2023/3/15 0:30,"Sentiment score: 60
Relatedness: 75"
2023/3/15 2:47,"Sentiment score: 10
Relatedness: 85"
2023/3/15 2:51,"Sentiment score: 10
Relatedness: 60"
2023/3/15 2:58,"Sentiment score: 5
Relatedness: 70"
2023/3/15 5:40,"Sentiment score: 15
Relatedness: 75"
2023/3/15 16:10,"Sentiment score: 60
Relatedness: 80"
2023/3/15 16:17,"Sentiment score: 30
Relatedness: 70"
2023/3/15 17:43,"Sentiment score: 40
Relatedness: 70"
2023/3/15 17:49,"Sentiment score: -45
Relatedness: 70"
2023/3/15 18:45,"Sentiment score: 50
Relatedness: 70"
2023/3/15 19:24,"Sentiment score: -30
Relatedness: 40"
2021/10/18 19:38,"Sentiment score: 50
Relatedness: 80"
2021/10/18 20:05,"Sentiment score: 30
Relatedness: 70"
2021/10/18 20:10,"Sentiment score: 30
Relatedness: 65"
2021/10/18 20:13,"Sentiment score: 10
Relatedness: 70"
2021/10/18 20:19,"Sentiment score: 10
Relatedness: 70"
2021/10/18 20:38,"Sentiment score: -20
Relatedness: 70"
2021/10/18 22:07,"Sentiment score: 20
Relatedness: 60"
2021/10/18 22:20,"Sentiment score: 80
Relatedness: 60"
2021/10/18 22:27,"Sentiment score: -60
Relatedness: 70"
2021/10/18 22:45,"Sentiment score: -30
Relatedness: 70"
2021/10/18 22:53,"Sentiment score: 20
Relatedness: 65"
2021/10/18 22:55,"Sentiment score: -60
Relatedness: 70"
2021/10/18 23:42,"Sentiment score: 70
Relatedness: 85"
2021/10/19 0:00,"Sentiment score: 20
Relatedness: 70"
2020/4/21 21:09,"Sentiment score: -70
Relatedness: 85"
2020/4/21 21:17,"Sentiment score: -20
Relatedness: 40"
2020/4/21 21:20,"Sentiment score: 10
Relatedness: 70"
2020/4/21 21:23,"Sentiment score: -20
Relatedness: 75"
2020/4/21 21:26,"Sentiment score: 10
Relatedness: 80"
2020/4/21 21:27,"Sentiment score: 10
Relatedness: 70"
2020/4/21 21:31,"Sentiment score: -70
Relatedness: 60"
2020/4/21 21:43,"Sentiment score: 60
Relatedness: 80"
2020/4/21 21:51,"Sentiment score: -70
Relatedness: 30"
2020/4/21 22:06,"Sentiment score: -60
Relatedness: 80"
2020/4/21 22:08,"Sentiment score: 30
Relatedness: 40"
2020/4/21 22:10,"Sentiment score: -30
Relatedness: 80"
2020/4/21 22:14,"Sentiment score: -10
Relatedness: 70"
2020/4/21 22:19,"Sentiment score: 5 
Relatedness: 80"
2020/4/21 23:08,"Sentiment score: -70
Relatedness: 85"
2020/4/21 23:16,"Sentiment score: 40
Relatedness: 70"
2020/4/21 23:23,"Sentiment score: -20
Relatedness: 70"
2020/4/21 23:47,"Sentiment score: -60  
Relatedness: 30"
2020/4/21 23:52,"Sentiment score: 20
Relatedness: 60"
2020/4/22 0:05,"Sentiment score: -20
Relatedness: 70"
2020/4/22 0:20,"Sentiment score: 20
Relatedness: 70"
2020/4/21 6:02,"Sentiment score: 20
Relatedness: 80"
2020/4/21 14:48,"Sentiment score: 10
Relatedness: 60"
2020/4/21 15:38,"Sentiment score: 40
Relatedness: 80"
2020/4/21 16:00,"Sentiment score: -20
Relatedness: 80"
2020/4/21 17:14,"Sentiment score: 20
Relatedness: 70"
2022/10/22 23:32,"Sentiment score: 70
Relatedness: 90"
2022/10/22 23:40,"Sentiment score: 60
Relatedness: 85"
2022/10/23 0:02,"Sentiment score: 60
Relatedness: 80"
2022/10/23 0:38,"Sentiment score: -20
Relatedness: 40"
2022/10/23 1:00,"Sentiment score: -20
Relatedness: 70"
2022/10/23 1:03,"Sentiment score: 10
Relatedness: 50"
2022/10/24 4:22,"Sentiment score: -55
Relatedness: 70"
2022/10/24 5:07,"Sentiment score: 30
Relatedness: 70"
2022/10/24 6:53,"Sentiment score: -50
Relatedness: 60"
2022/10/24 14:17,"Sentiment score: 20
Relatedness: 80"
2023/7/18 13:47,"Sentiment score: 60
Relatedness: 80"
2023/7/18 14:16,"Sentiment score: -60  
Relatedness: 85"
2023/7/18 14:40,"Sentiment score: 40
Relatedness: 70"
2023/7/18 14:44,"Sentiment score: -50
Relatedness: 70"
2023/7/18 15:17,"Sentiment score: 20
Relatedness: 65"
2023/7/18 15:37,"Sentiment score: -15
Relatedness: 30"
2023/7/18 15:41,"Sentiment score: 20
Relatedness: 60"
2023/7/18 18:17,"Sentiment score: -20
Relatedness: 60"
2023/7/18 18:29,"Sentiment score: 10
Relatedness: 75"
2023/7/18 22:32,"Sentiment score: -30
Relatedness: 70"
2022/10/4 3:45,"Sentiment score: -80  
Relatedness: 90"
2022/10/4 5:33,"Sentiment score: -70
Relatedness: 80"
2022/10/4 5:35,"Sentiment score: -10
Relatedness: 20"
2022/10/4 15:30,"Sentiment score: 50
Relatedness: 30"
2022/10/4 16:02,"Sentiment score: -70
Relatedness: 85"
2022/10/4 21:51,"Sentiment score: 0
Relatedness: 70"
2022/10/4 22:48,"Sentiment score: 20
Relatedness: 80"
2022/10/4 23:15,"Sentiment score: 20
Relatedness: 80"
2022/6/7 15:48,"Sentiment score: 60
Relatedness: 70"
2022/6/7 16:09,"Sentiment score: -40
Relatedness: 70"
2022/6/7 17:04,"Sentiment score: 10
Relatedness: 40"
2022/6/7 17:11,"Sentiment score: -10
Relatedness: 20"
2022/6/7 17:20,"Sentiment score: -10
Relatedness: 30"
2022/6/7 17:21,"Sentiment score: 10
Relatedness: 70"
2022/6/7 18:30,"Sentiment score: 20
Relatedness: 60"
2022/6/7 18:32,"Sentiment score: -10
Relatedness: 35"
2022/6/7 18:34,"Sentiment score: -10
Relatedness: 70"
2022/6/7 18:43,"Sentiment score: -60
Relatedness: 30"
2022/6/7 18:44,"Sentiment score: 65
Relatedness: 80"
2022/6/7 21:45,"Sentiment score: -20
Relatedness: 65"
2023/5/30 17:50,"Sentiment score: -70
Relatedness: 80"
2023/5/30 18:13,"Sentiment score: -40
Relatedness: 60"
2023/5/30 18:25,"Sentiment score: -10
Relatedness: 50"
2023/5/30 18:29,"Sentiment score: -20
Relatedness: 70"
2023/5/30 18:38,"Sentiment score: 15
Relatedness: 50"
2023/5/30 19:01,"Sentiment score: 10
Relatedness: 75"
2023/5/30 19:01,"Sentiment score: 25
Relatedness: 60"
2023/5/30 19:13,"Sentiment score: 10
Relatedness: 80"
2023/5/30 19:26,"Sentiment score: -65
Relatedness: 40"
2023/5/30 19:46,"Sentiment score: 65
Relatedness: 80"
2023/5/31 0:52,"Sentiment score: 10
Relatedness: 60"
2023/5/31 13:07,"Sentiment score: -20
Relatedness: 60"
2023/5/31 14:23,"Sentiment score: 30
Relatedness: 50"
2020/11/16 0:29,"Sentiment score: 60
Relatedness: 75"
2020/11/16 0:32,"Sentiment score: 40
Relatedness: 60"
2020/11/16 1:32,"Sentiment score: 70
Relatedness: 85"
2020/11/16 3:10,"Sentiment score: 60
Relatedness: 80"
2022/9/27 19:39,"Sentiment score: 20
Relatedness: 70"
2022/9/27 19:59,"Sentiment score: 20
Relatedness: 60"
2022/9/27 20:04,"Sentiment score: -10
Relatedness: 30"
2022/9/27 20:41,"Sentiment score: 40
Relatedness: 70"
2022/9/27 21:16,"Sentiment score: 10
Relatedness: 30"
2022/9/28 4:46,"Sentiment score: -30
Relatedness: 20"
2022/9/28 18:23,"Sentiment score: -30
Relatedness: 50"
2022/6/23 17:28,"Sentiment score: 60
Relatedness: 80"
2022/6/23 23:00,"Sentiment score: 58
Relatedness: 75"
2022/6/23 23:12,"Sentiment score: 30
Relatedness: 70"
2022/6/23 23:22,"Sentiment score: 25  
Relatedness: 70"
2022/6/24 0:34,"Sentiment score: 50
Relatedness: 80"
2022/9/1 3:00,"Sentiment score: -70  
Relatedness: 80"
2022/9/1 4:17,"Sentiment score: 70
Relatedness: 80"
2022/9/1 4:41,"Sentiment score: -20 
Relatedness: 70"
2022/9/1 4:45,"Sentiment score: -40
Relatedness: 70"
2022/9/3 5:29,"Sentiment score: -40
Relatedness: 70"
2022/9/3 5:38,"Sentiment score: -10
Relatedness: 60"
2022/9/3 15:56,"Sentiment score: -20
Relatedness: 60"
2022/9/3 16:21,"Sentiment score: -60
Relatedness: 70"
2022/9/3 16:34,"Sentiment score: -25
Relatedness: 70"
2022/9/3 19:55,"Sentiment score: 60
Relatedness: 80"
2022/9/3 20:48,"Sentiment score: 10
Relatedness: 50"
2022/9/5 21:21,"Sentiment score: -50
Relatedness: 70"
2022/10/15 19:41,"Sentiment score: -45
Relatedness: 80"
2022/10/15 20:35,"Sentiment score: -30
Relatedness: 60"
2022/10/16 5:56,"Sentiment score: 60
Relatedness: 70"
2023/6/26 19:23,"Sentiment score: -70
Relatedness: 60"
2023/6/26 22:53,"Sentiment score: -80
Relatedness: 90"
2023/6/26 23:12,"Sentiment score: -70
Relatedness: 50"
2023/6/26 23:18,"Sentiment score: -70 
Relatedness: 60"
2023/6/27 0:01,"Sentiment score: -80
Relatedness: 85"
2023/6/27 0:03,"Sentiment score: -75
Relatedness: 65"
2023/6/27 0:06,"Sentiment score: -20
Relatedness: 80"
2023/6/27 0:24,"Sentiment score: -60
Relatedness: 80"
2023/6/27 0:36,"Sentiment score: -80
Relatedness: 90"
2023/6/27 16:56,"Sentiment score: -70
Relatedness: 60"
2023/6/27 17:16,"Sentiment score: -80
Relatedness: 90"
2023/6/27 17:39,"Sentiment score: 65
Relatedness: 80"
2023/6/27 18:56,"Sentiment score: -70
Relatedness: 40"
2023/6/28 17:21,"Sentiment score: 60
Relatedness: 80"
2021/4/20 21:41,"Sentiment score: -70
Relatedness: 85"
2021/4/20 22:20,"Sentiment score: 10
Relatedness: 70"
2021/4/21 2:58,"Sentiment score: -10
Relatedness: 60"
2021/4/21 3:07,"Sentiment score: -70
Relatedness: 60"
2021/4/23 5:04,"Sentiment score: -70
Relatedness: 60"
2021/4/23 16:14,"Sentiment score: -40
Relatedness: 60"
2021/4/23 19:15,"Sentiment score: -40
Relatedness: 70"
2020/8/27 3:06,"Sentiment score: 70
Relatedness: 80"
2020/8/27 3:16,"Sentiment score: 50
Relatedness: 75"
2020/8/27 4:46,"Sentiment score: 40
Relatedness: 75"
2020/8/27 4:49,"Sentiment score: 20
Relatedness: 80"
2020/8/27 13:42,"Sentiment score: 20
Relatedness: 50"
2020/8/27 14:38,"Sentiment score: 70
Relatedness: 90"
2020/8/27 14:53,"Sentiment score: 70
Relatedness: 85"
2020/8/27 15:55,"Sentiment score: 60
Relatedness: 75"
2020/8/27 16:18,"Sentiment score: 10
Relatedness: 50"
2020/8/27 16:39,"Sentiment score: -40
Relatedness: 20"
2020/8/27 16:41,"Sentiment score: -50
Relatedness: 30"
2020/8/28 0:27,"Sentiment score: 20
Relatedness: 60"
2022/9/13 16:28,"Sentiment score: -60
Relatedness: 70"
2022/9/13 21:41,"Sentiment score: 20
Relatedness: 50"
2022/9/14 3:44,"Sentiment score: 10
Relatedness: 60"
2022/5/25 4:58,"Sentiment score: 40
Relatedness: 70"
2022/5/25 15:54,"Sentiment score: -80
Relatedness: 90"
2022/5/25 16:01,"Sentiment score: -30
Relatedness: 60"
2022/5/25 18:10,"Sentiment score: -60
Relatedness: 50"
2022/5/25 19:42,"Sentiment score: -20
Relatedness: 10"
2022/5/26 4:48,"Sentiment score: -70
Relatedness: 20"
2022/5/27 1:39,"Sentiment score: 50
Relatedness: 80"
2022/5/28 23:07,"Sentiment score: -15
Relatedness: 70"
2022/5/29 20:48,"Sentiment score: -15
Relatedness: 65"
2022/12/2 20:53,"Sentiment score: 20
Relatedness: 70"
2022/12/2 23:23,"Sentiment score: 30
Relatedness: 70"
2022/12/2 23:32,"Sentiment score: 60
Relatedness: 70"
2022/12/2 23:52,"Sentiment score: 20
Relatedness: 70"
2022/12/3 0:02,"Sentiment score: 10
Relatedness: 70"
2022/12/3 0:26,"Sentiment score: 70
Relatedness: 80"
2022/12/3 0:31,"Sentiment score: 70
Relatedness: 60"
2022/12/3 19:21,"Sentiment score: 20
Relatedness: 70"
2020/6/18 3:19,"Sentiment score: 30
Relatedness: 70"
2020/6/18 14:53,"Sentiment score: -20
Relatedness: 60"
2020/6/18 14:59,"Sentiment score: -60
Relatedness: 80"
2020/6/18 15:18,"Sentiment score: 20
Relatedness: 70"
2020/6/18 15:35,"Sentiment score: 20
Relatedness: 60"
2020/6/18 15:43,"Sentiment score: -10
Relatedness: 20"
2020/6/18 16:03,"Sentiment score: 10
Relatedness: 70"
2020/6/18 16:07,"Sentiment score: -10
Relatedness: 60"
2020/6/18 16:23,"Sentiment score: -45
Relatedness: 60"
2020/6/18 18:54,"Sentiment score: -20
Relatedness: 60"
2020/6/18 19:35,"Sentiment score: 50
Relatedness: 80"
2022/10/14 2:18,"Sentiment score: -65
Relatedness: 75"
2022/10/14 14:47,"Sentiment score: -55
Relatedness: 70"
2022/10/14 17:55,"Sentiment score: 70
Relatedness: 40"
2022/10/15 0:44,"Sentiment score: -60
Relatedness: 70"
2022/10/15 4:16,"Sentiment score: -75
Relatedness: 40"
2022/10/30 21:29,"Sentiment score: -70
Relatedness: 80"
2022/10/30 21:56,"Sentiment score: 20
Relatedness: 60"
2022/10/31 7:05,"Sentiment score: -60
Relatedness: 90"
2022/11/4 3:04,"Sentiment score: -70
Relatedness: 60"
2022/11/4 4:17,"Sentiment score: 40
Relatedness: 75"
2022/11/4 18:42,"Sentiment score:  -20
Relatedness:  60"
2022/11/4 19:44,"Sentiment score: 10
Relatedness: 85"
2022/11/5 19:52,"Sentiment score: 25  
Relatedness: 70"
2022/11/6 12:26,"Sentiment score: 45
Relatedness: 70"
2022/11/6 19:07,"Sentiment score: -70
Relatedness: 60"
2022/11/6 19:48,"Sentiment score: 20
Relatedness: 60"
2022/12/10 2:43,"Sentiment score: -50
Relatedness: 70"
2023/1/11 22:16,"Sentiment score: -60
Relatedness: 70"
2023/1/12 17:00,"Sentiment score: -45
Relatedness: 75"
2023/2/26 20:40,"Sentiment score: 0
Relatedness: 10"
2023/5/2 5:05,"Sentiment score: 40
Relatedness: 70"
2023/5/2 9:06,"Sentiment score: 65  
Relatedness: 80"
2023/5/3 2:09,"Sentiment score: 40
Relatedness: 60"
2023/5/3 5:24,"Sentiment score: 60
Relatedness: 30"
2023/5/2 5:05,"Sentiment score: 60
Relatedness: 80"
2023/5/3 20:43,"Sentiment score: 70
Relatedness: 85"
2023/5/3 21:42,"Sentiment score: 75
Relatedness: 60"
2023/5/5 4:08,"Sentiment score: 60
Relatedness: 20"
2023/5/5 4:10,"Sentiment score: 75
Relatedness: 60"
2023/5/5 4:23,"Sentiment score: 60
Relatedness: 85"
2023/5/5 9:37,"Sentiment score: 60
Relatedness: 20"
2023/5/5 13:40,"Sentiment score: 50
Relatedness: 20"
2023/5/5 13:42,"Sentiment score: -30
Relatedness: 50"
2023/5/5 14:02,"Sentiment score: 90
Relatedness: 20"
2023/5/5 15:29,"Sentiment score: 30
Relatedness: 20"
2023/5/5 19:07,"Sentiment score: 30
Relatedness: 40"
2023/5/5 21:50,"Sentiment score: 10
Relatedness: 20"
2023/5/5 23:02,"Sentiment score: 20
Relatedness: 30"
2023/5/6 4:56,"Sentiment score: 40
Relatedness: 60"
2023/5/6 5:07,"Sentiment score: 75
Relatedness: 90"
2022/7/13 21:42,"Sentiment score: 50
Relatedness: 75"
2022/7/13 22:51,"Sentiment score: -30
Relatedness: 60"
2022/7/13 23:59,"Sentiment score: 50
Relatedness: 75"
2022/7/14 16:06,"Sentiment score: -35
Relatedness: 75"
2022/7/14 16:16,"Sentiment score: -20
Relatedness: 70"
2022/7/14 16:19,"Sentiment score: 30
Relatedness: 60"
2022/7/14 16:42,"Sentiment score: 60
Relatedness: 75"
2022/7/15 0:37,"Sentiment score: 20
Relatedness: 50"
2022/8/8 0:24,"Sentiment score: 50
Relatedness: 75"
2022/8/10 19:25,"Sentiment score: 25
Relatedness: 70"
2022/8/10 19:28,"Sentiment score: -10
Relatedness: 80"
2020/7/20 16:04,"Sentiment score: 70
Relatedness: 85"
2020/7/20 16:10,"Sentiment score: 60
Relatedness: 80"
2020/7/20 16:21,"Sentiment score: 10
Relatedness: 60"
2020/7/20 16:48,"Sentiment score: 5
Relatedness: 70"
2020/7/20 17:30,"Sentiment score: 60
Relatedness: 75"
2021/12/3 3:59,"Sentiment score: 30
Relatedness: 70"
2021/12/3 8:02,"Sentiment score: 20
Relatedness: 70"
2021/12/3 15:35,"Sentiment score: 10
Relatedness: 60"
2021/12/3 18:05,"Sentiment score: -20
Relatedness: 60"
2021/12/3 20:11,"Sentiment score: 5
Relatedness: 70"
2021/12/4 3:44,"Sentiment score: 20
Relatedness: 70"
2021/12/4 4:31,"Sentiment score: -20  
Relatedness: 40"
2021/12/5 15:20,"Sentiment score: 10
Relatedness: 20"
2021/12/5 15:57,"Sentiment score: -20
Relatedness: 70"
2021/12/5 16:09,"Sentiment score: 50
Relatedness: 70"
2021/12/5 16:55,"Sentiment score: 20
Relatedness: 70"
2021/12/5 19:23,"Sentiment score: 10
Relatedness: 30"
2021/12/6 6:53,"Sentiment score: 25
Relatedness: 60"
2021/12/6 16:53,"Sentiment score: 60
Relatedness: 80"
2021/12/7 1:32,"Sentiment score: 50
Relatedness: 85"
2021/12/7 3:13,"Sentiment score: 10
Relatedness: 50"
2021/12/7 3:22,"Sentiment score: 20
Relatedness: 60"
2022/3/7 0:25,"Sentiment score: 50 
Relatedness: 20"
2022/3/7 1:44,"Sentiment score: 50
Relatedness: 20"
2022/3/7 2:49,"Sentiment score: 15
Relatedness: 5"
2023/6/16 1:48,"Sentiment score: 75
Relatedness: 80"
2023/6/16 19:20,"Sentiment score: 0
Relatedness: 50"
2023/6/16 20:11,"Sentiment score: 50
Relatedness: 80"
2023/6/16 20:34,"Sentiment score: 10
Relatedness: 70"
2023/6/16 23:56,"Sentiment score: 50
Relatedness: 90"
2023/6/19 19:59,"Sentiment score: -5
Relatedness: 70"
2023/6/19 21:32,"Sentiment score: 10
Relatedness: 30"
2023/6/19 23:22,"Sentiment score: 40
Relatedness: 65"
2023/6/19 23:45,"Sentiment score: -20
Relatedness: 30"
2023/7/2 15:34,"Sentiment score: 10
Relatedness: 60"
2023/7/4 3:59,"Sentiment score: -10
Relatedness: 70"
2023/7/7 19:28,"Sentiment score: 45
Relatedness: 80"
2023/7/8 2:34,"Sentiment score: 20
Relatedness: 70"
2023/7/8 3:58,"Sentiment score: 10
Relatedness: 5"
2023/7/13 0:48,"Sentiment score: 40
Relatedness: 60"
2023/7/13 1:08,"Sentiment score: 10
Relatedness: 60"
2023/7/18 23:35,"Sentiment score: -10
Relatedness: 60"
2023/7/19 1:14,"Sentiment score: 50
Relatedness: 75"
2023/7/21 0:21,"Sentiment score: 75
Relatedness: 50"
2023/7/23 21:10,"Sentiment score: 60
Relatedness: 80"
2021/10/4 18:47,"Sentiment score: -80
Relatedness: 70

The sentiment score is negative due to the distressing and concerning situation described in the comment. The writer is feeling intimidated, frustrated, and betrayed by the landlady's response to the hostile behaviors of the man living in the adjacent property. The relatedness score is relatively high as the content discusses the impact of the situation on the writer's daily life and relationships."
2021/10/4 19:26,"Sentiment score: 60
Relatedness: 80"
2021/10/4 20:59,"Sentiment score: 10
Relatedness: 40"
2021/10/5 1:17,"Sentiment score: 10
Relatedness: 70"
2021/12/1 13:02,"Sentiment score: 10
Relatedness: 60"
2020/9/7 16:29,"Sentiment score: -60
Relatedness: 80"
2020/9/7 17:11,"Sentiment score: 10
Relatedness: 60"
2020/9/7 22:21,"Sentiment score: 20
Relatedness: 60"
2020/9/7 23:43,"Sentiment score: 70
Relatedness: 90"
2020/9/8 20:35,"Sentiment score: -70
Relatedness: 50"
2020/9/9 5:44,"Sentiment score: 20
Relatedness: 60"
2020/10/27 4:51,"Sentiment score: -10
Relatedness: 70"
2020/10/27 5:05,"Sentiment score: -20
Relatedness: 60"
2020/10/27 17:54,"Sentiment score: 60
Relatedness: 80"
2020/10/27 18:42,"Sentiment score: 20
Relatedness: 65"
2020/10/27 19:26,"Sentiment score: 40
Relatedness: 90"
2020/10/27 19:34,"Sentiment score: 75
Relatedness: 95"
2020/10/27 20:29,"Sentiment score: -40
Relatedness: 70"
2020/10/27 21:30,"Sentiment score: 75
Relatedness: 65"
2020/10/27 23:08,"Sentiment score: 80
Relatedness: 30"
2020/10/28 0:36,"Sentiment score: 65
Relatedness: 80"
2020/11/20 17:01,"Sentiment score: 70
Relatedness: 85"
2020/11/20 21:31,"Sentiment score: -60
Relatedness: 75"
2022/11/6 20:50,"Sentiment score: 15
Relatedness: 40"
2022/11/6 21:11,"Sentiment score: 10
Relatedness: 50"
2022/11/6 21:15,"Sentiment score: 25
Relatedness: 75"
2022/11/6 23:53,"Sentiment score: 10
Relatedness: 70"
2022/11/7 1:26,"Sentiment score: -60
Relatedness: 75"
2022/11/7 4:17,"Sentiment score: -15
Relatedness: 70"
2022/11/7 16:00,"Sentiment score: 10  
Relatedness: 60"
2023/1/1 16:54,"Sentiment score: 75
Relatedness: 90"
2023/1/2 0:17,"Sentiment score: 50
Relatedness: 70"
2023/1/2 0:28,"Sentiment score: 40
Relatedness: 70"
2023/1/4 6:54,"Sentiment score: 80
Relatedness: 60"
2023/1/4 7:13,"Sentiment score: -70
Relatedness: 90"
2023/1/4 17:25,"Sentiment score: 10
Relatedness: 30"
2023/1/4 19:35,"Sentiment score: -10
Relatedness: 85"
2023/1/5 0:05,"Sentiment score: 40
Relatedness: 80"
2022/6/9 21:01,"Sentiment score: 60  
Relatedness: 80"
2022/6/9 22:13,"Sentiment score: -70
Relatedness: 80"
2022/6/9 23:17,"Sentiment score: -60
Relatedness: 80"
2022/6/9 23:25,"Sentiment score: -30
Relatedness: 70"
2022/6/10 0:17,"Sentiment score: -60
Relatedness: 80"
2022/6/10 1:21,"Sentiment score: -60
Relatedness: 85"
2022/6/10 1:36,"Sentiment score: -40
Relatedness: 60"
2022/5/2 6:03,"Sentiment score: -70
Relatedness: 30"
2022/5/2 13:54,"Sentiment score: -45
Relatedness: 60"
2022/5/2 14:32,"Sentiment score: -50
Relatedness: 70"
2022/5/2 17:10,"Sentiment score: -60
Relatedness: 70"
2022/5/2 17:57,"Sentiment score: 10
Relatedness: 75"
2022/5/2 18:06,"Sentiment score: -30
Relatedness: 60"
2022/5/3 4:19,"Sentiment score: 50
Relatedness: 10"
2022/5/3 6:38,"Sentiment score: -15
Relatedness: 60"
2022/5/4 5:26,"Sentiment score: 60
Relatedness: 90"
2022/11/29 18:55,"Sentiment score: 65
Relatedness: 80"
2022/11/29 19:11,"Sentiment score: 30
Relatedness: 70"
2022/11/29 19:20,"Sentiment score: 30
Relatedness: 70"
2022/11/29 19:23,"Sentiment score: 40
Relatedness: 70"
2022/11/29 19:29,"Sentiment score: 30
Relatedness: 70"
2022/11/29 19:49,"Sentiment score: -40
Relatedness: 60"
2022/11/29 20:07,"Sentiment score: -20  
Relatedness: 70"
2022/11/29 20:28,"Sentiment score: -20
Relatedness: 60"
2022/11/29 20:55,"Sentiment score: -30
Relatedness: 60"
2022/11/29 21:18,"Sentiment score: -15
Relatedness: 70"
2022/11/30 1:03,"Sentiment score: 40
Relatedness: 70"
2022/11/30 2:34,"Sentiment score: 0
Relatedness: 20"
2022/11/30 3:03,"Sentiment score: 50
Relatedness: 20"
2022/11/30 3:14,"Sentiment score: 50
Relatedness: 30"
2022/11/30 4:23,"Sentiment score: 5
Relatedness: 30"
2022/11/30 13:49,"Sentiment score: 50
Relatedness: 75"
2022/11/30 14:44,"Sentiment score: 35
Relatedness: 15"
2022/11/30 15:32,"Sentiment score: 60
Relatedness: 80"
2022/11/30 15:56,"Sentiment score: 40
Relatedness: 60"
2022/11/30 17:08,"Sentiment score: -20
Relatedness: 65"
2022/3/21 3:19,"Sentiment score: 60
Relatedness: 80"
2022/3/21 7:21,"Sentiment score: 30
Relatedness: 80"
2022/3/21 18:12,"Sentiment score: -40
Relatedness: 70"
2022/3/21 18:13,"Sentiment score: -30
Relatedness: 70"
2022/3/22 4:09,"Sentiment score: 30
Relatedness: 70"
2022/3/22 6:41,"Sentiment score: -20
Relatedness: 60"
2023/11/1 23:58,"Sentiment score: 40
Relatedness: 80"
2023/11/2 0:09,"Sentiment score: 30
Relatedness: 50"
2023/11/2 0:16,"Sentiment score: 80
Relatedness: 85"
2023/11/2 0:39,"Sentiment score: 20
Relatedness: 80"
2023/11/2 0:44,"Sentiment score: 50
Relatedness: 80"
2023/11/2 1:03,"Sentiment score: 30
Relatedness: 80"
2023/11/2 1:43,"Sentiment score: 45
Relatedness: 80"
2023/11/2 2:07,"Sentiment score: -25
Relatedness: 60"
2023/11/2 22:29,"Sentiment score: 0
Relatedness: 80"
2023/11/2 23:40,"Sentiment score: 20
Relatedness: 70"
2023/11/2 23:49,"Sentiment score: 50
Relatedness: 70"
2023/11/2 23:49,"Sentiment score: 65
Relatedness: 80"
2023/11/3 7:08,"Sentiment score: 80
Relatedness: 90"
2023/11/3 14:34,"Sentiment score: 70
Relatedness: 90"
2023/11/3 17:13,"Sentiment score: 10
Relatedness: 50"
2023/11/3 19:36,"Sentiment score: 40
Relatedness: 80"
2023/11/3 21:10,"Sentiment score: 60
Relatedness: 90"
2023/11/4 0:04,"Sentiment score: 50
Relatedness: 80"
2023/11/4 1:22,"Sentiment score: -20
Relatedness: 60"
2023/11/4 14:01,"Sentiment score: 15
Relatedness: 70"
2023/11/4 19:17,"Sentiment score: 25
Relatedness: 70"
2022/6/18 6:03,"Sentiment score: -40
Relatedness: 60"
2022/6/18 15:51,"Sentiment score: 50
Relatedness: 25"
2022/6/18 17:34,"Sentiment score: -60
Relatedness: 70"
2022/6/18 23:02,"Sentiment score: -40
Relatedness: 60"
2022/6/18 23:42,"Sentiment score: 60
Relatedness: 80"
2022/6/18 23:45,"Sentiment score: -50
Relatedness: 70"
2022/6/19 2:24,"Sentiment score: 5
Relatedness: 70"
2022/6/19 2:43,"Sentiment score: 70
Relatedness: 80"
2022/6/19 2:48,"Sentiment score: -70
Relatedness: 80"
2022/6/19 2:51,"Sentiment score: 60
Relatedness: 80"
2022/6/19 3:16,"Sentiment score: -50
Relatedness: 70"
2022/6/19 3:19,"Sentiment score: 40
Relatedness: 60"
2022/6/19 3:27,"Sentiment score: 60
Relatedness: 70"
2022/6/19 3:28,"Sentiment score: -30
Relatedness: 70"
2022/6/19 3:32,"Sentiment score: 60
Relatedness: 70"
2022/6/19 5:22,"Sentiment score: 60
Relatedness: 70"
2022/6/23 17:22,"Sentiment score: 20
Relatedness: 70"
2022/6/23 17:28,"Sentiment score: 70
Relatedness: 80"
2022/6/23 17:33,"Sentiment score: 60 
Relatedness: 75"
2022/6/23 18:09,"Sentiment score: 10
Relatedness: 60"
2022/6/29 2:43,"Sentiment score: 20
Relatedness: 70"
2020/9/17 0:44,"Sentiment score: 70
Relatedness: 80"
2020/9/17 5:37,"Sentiment score: 60
Relatedness: 80"
2020/9/18 17:40,"Sentiment score: 20
Relatedness: 70"
2020/9/18 19:59,"Sentiment score: 50
Relatedness: 80"
2020/9/18 21:05,"Sentiment score: -60
Relatedness: 70"
2020/9/18 21:08,"Sentiment score: -60
Relatedness: 70"
2020/9/18 21:59,"Sentiment score: 10
Relatedness: 60"
2020/9/18 23:37,"Sentiment score: -60
Relatedness: 75"
2020/9/21 3:46,"Sentiment score: 80
Relatedness: 75"
2020/9/21 4:07,"Sentiment score: 20  
Relatedness: 75"
2020/9/21 15:44,"Sentiment score: -70
Relatedness: 80"
2020/7/13 23:54,"Sentiment score: 0
Relatedness: 40"
2020/7/15 15:48,"Sentiment score: +10
Relatedness: 30"
2020/7/16 6:18,"Sentiment score: 40
Relatedness: 70"
2020/7/21 7:49,"Sentiment score: -50
Relatedness: 70"
2020/7/30 5:27,"Sentiment score: 50  
Relatedness: 70"
2020/7/30 6:09,"Sentiment score: 40
Relatedness: 20"
2020/8/2 2:31,"Sentiment score: 30
Relatedness: 70"
2020/8/3 5:45,"Sentiment score: 50
Relatedness: 80"
2020/8/6 22:47,"Sentiment score: 30
Relatedness: 40"
2020/8/7 14:57,"Sentiment score: 60
Relatedness: 70"
2020/8/16 19:43,"Sentiment score: 75
Relatedness: 60"
2020/8/17 4:48,"Sentiment score: 70
Relatedness: 10"
2020/8/17 14:04,"Sentiment score: 10
Relatedness: 20"
2020/8/28 17:17,"Sentiment score: 80
Relatedness: 90"
2020/8/28 18:35,"Sentiment score: 20
Relatedness: 75"
2020/9/1 18:41,"Sentiment score: 50
Relatedness: 75"
2020/9/1 19:31,"Sentiment score: 75
Relatedness: 85"
2020/9/1 19:44,"Sentiment score: 50
Relatedness: 10"
2020/9/1 20:07,"Sentiment score: -70
Relatedness: 40"
2020/9/1 20:24,"Sentiment score: 70
Relatedness: 85"
2023/4/3 19:04,"Sentiment score: 60
Relatedness: 80"
2023/4/4 14:20,"Sentiment score: 60
Relatedness: 80"
2023/4/6 14:04,"Sentiment score: 50
Relatedness: 75"
2023/4/6 14:07,"Sentiment score: -20
Relatedness: 60"
2023/4/6 20:19,"Sentiment score: 0
Relatedness: 30"
2023/4/7 0:21,"Sentiment score: 70  
Relatedness: 85"
2023/4/7 1:15,"Sentiment score: 70
Relatedness: 80"
2023/4/9 14:49,"Sentiment score: 80
Relatedness: 90"
2023/4/12 22:24,"Sentiment score: 20
Relatedness: 80"
2023/4/13 20:30,"Sentiment score: 25
Relatedness: 70"
2022/1/11 22:56,"Sentiment score: 10
Relatedness: 60"
2022/1/12 0:16,"Sentiment score: 20
Relatedness: 60"
2022/1/12 0:45,"Sentiment score: -50
Relatedness: 20"
2022/1/12 6:31,"Sentiment score: -60
Relatedness: 70"
2022/1/13 6:24,"Sentiment score: -50
Relatedness: 60"
2022/1/13 14:05,"Sentiment score: -30
Relatedness: 40"
2022/1/13 14:11,"Sentiment score: -20
Relatedness: 60"
2022/1/13 16:22,"Sentiment score: 40
Relatedness: 60"
2022/1/13 19:22,"Sentiment score: -30
Relatedness: 70"
2022/1/13 19:54,"Sentiment score: -30
Relatedness: 5"
2022/1/14 5:10,"Sentiment score: -50
Relatedness: 70"
2022/1/14 5:34,"Sentiment score: -80
Relatedness: 90"
2022/1/14 6:17,"Sentiment score: -70
Relatedness: 60"
2022/1/14 9:51,"Sentiment score: -60
Relatedness: 70"
2022/1/14 15:44,"Sentiment score: -40
Relatedness: 65"
2022/1/14 16:15,"Sentiment score: -65
Relatedness: 40"
2022/1/14 18:09,"Sentiment score: -50
Relatedness: 60"
2022/1/14 18:12,"Sentiment score: 10
Relatedness: 20"
2022/1/14 19:38,"Sentiment score: 10
Relatedness: 30"
2022/1/14 19:53,"Sentiment score: -50
Relatedness: 70"
2022/3/6 2:42,"Sentiment score: 60
Relatedness: 80"
2022/3/6 4:00,"Sentiment score: 60
Relatedness: 90"
2022/3/6 14:07,"Sentiment score: 60
Relatedness: 80"
2022/3/6 14:25,"Sentiment score: 20
Relatedness: 70"
2022/3/6 17:34,"Sentiment score: 50
Relatedness: 70"
2022/3/6 23:52,"Sentiment score: 75
Relatedness: 80"
2020/12/29 19:24,"Sentiment score: 65
Relatedness: 80"
2020/12/29 19:34,"Sentiment score: 70
Relatedness: 85"
2020/12/29 19:43,"Sentiment score: 60
Relatedness: 80"
2020/12/29 19:44,"Sentiment score: 70
Relatedness: 80"
2020/12/29 19:45,"Sentiment score: 75 
Relatedness: 60"
2020/12/29 19:49,"Sentiment score: -30
Relatedness: 40"
2020/12/29 19:50,"Sentiment score: 50
Relatedness: 90"
2020/12/29 19:53,"Sentiment score: -10
Relatedness: 30"
2020/12/29 19:55,"Sentiment score: 60
Relatedness: 70"
2020/12/29 19:56,"Sentiment score: -20
Relatedness: 60"
2020/12/29 19:59,"Sentiment score: 60
Relatedness: 80"
2020/12/29 20:02,"Sentiment score: 35
Relatedness: 80"
2020/12/29 20:04,"Sentiment score: -60
Relatedness: 70"
2020/12/29 20:07,"Sentiment score: 60
Relatedness: 70"
2020/12/29 20:10,"Sentiment score: 30
Relatedness: 60"
2020/12/29 20:10,"Sentiment score: 40  
Relatedness: 80"
2020/12/29 20:12,"Sentiment score: 70
Relatedness: 80"
2020/12/29 20:19,"Sentiment score: 65
Relatedness: 80"
2020/12/29 20:20,"Sentiment score: 10
Relatedness: 80"
2020/12/29 20:21,"Sentiment score: 20
Relatedness: 60"
2020/12/29 20:23,"Sentiment score: 65
Relatedness: 70"
2020/11/16 19:57,"Sentiment score: 75
Relatedness: 90"
2020/11/16 20:28,"Sentiment score: 40
Relatedness: 70"
2020/11/16 22:37,"Sentiment score: 60
Relatedness: 80"
2020/11/17 0:15,"Sentiment score: 50
Relatedness: 80"
2020/11/17 3:27,"Sentiment score: 70
Relatedness: 80"
2020/11/17 4:10,"Sentiment score: 70
Relatedness: 80"
2020/11/17 5:15,"Sentiment score: 80
Relatedness: 60"
2020/11/17 5:51,"Sentiment score: 30
Relatedness: 80"
2020/11/20 2:59,"Sentiment score: 75
Relatedness: 85"
2020/11/20 4:25,"Sentiment score: 60
Relatedness: 75"
2020/11/20 9:17,"Sentiment score: 20
Relatedness: 80"
2020/11/20 16:44,"Sentiment score: 70
Relatedness: 80"
2020/11/20 17:02,"Sentiment score: 60
Relatedness: 20"
2020/11/20 18:03,"Sentiment score: 60
Relatedness: 80"
2020/11/20 19:28,"Sentiment score: 70
Relatedness: 85"
2020/11/20 20:38,"Sentiment score: 60
Relatedness: 75"
2020/11/20 20:44,"Sentiment score: 65
Relatedness: 70"
2020/11/20 23:05,"Sentiment score: 25
Relatedness: 70"
2020/11/21 3:04,"Sentiment score: 65
Relatedness: 80"
2020/11/21 3:14,"Sentiment score: 25
Relatedness: 60"
2020/11/21 4:03,"Sentiment score: -70
Relatedness: 60"
2020/4/18 21:59,"Sentiment score: 20
Relatedness: 80"
2020/4/19 3:32,"Sentiment score: -40
Relatedness: 70"
2020/4/27 1:32,"Sentiment score: 50 
Relatedness: 20"
2020/4/27 18:21,"Sentiment score: -50
Relatedness: 70"
2020/4/27 18:30,"Sentiment score: 60
Relatedness: 80"
2020/4/28 3:10,"Sentiment score: 20
Relatedness: 75"
2020/4/28 14:45,"Sentiment score: 20
Relatedness: 60"
2020/4/29 16:57,"Sentiment score: -20
Relatedness: 70"
2020/4/24 17:31,"Sentiment score: 70
Relatedness: 85"
2020/4/24 18:16,"Sentiment score: 60
Relatedness: 80"
2020/4/24 18:19,"Sentiment score: 60
Relatedness: 70"
2020/4/24 19:13,"Sentiment score: 40
Relatedness: 70"
2020/4/24 23:24,"Sentiment score: 35
Relatedness: 60"
2020/4/25 0:29,"Sentiment score: 70
Relatedness: 80"
2020/4/25 1:21,"Sentiment score: -20
Relatedness: 70"
2020/4/25 4:33,"Sentiment score: 35
Relatedness: 80"
2020/4/25 4:41,"Sentiment score: 60
Relatedness: 40"
2020/4/25 5:23,"Sentiment score: 75
Relatedness: 90"
2020/4/25 6:57,"Sentiment score: -20
Relatedness: 60"
2020/4/30 8:17,"Sentiment score: 50
Relatedness: 70"
2020/4/30 14:30,"Sentiment score: 50
Relatedness: 75"
2020/4/30 16:17,"Sentiment score: 75
Relatedness: 60"
2020/5/1 15:42,"Sentiment score: 30
Relatedness: 70"
2020/5/1 16:38,"Sentiment score: 60
Relatedness: 70"
2022/3/28 0:57,"Sentiment score: 30
Relatedness: 60"
2022/3/28 1:12,"Sentiment score: 20
Relatedness: 30"
2022/3/28 2:13,"Sentiment score: 20
Relatedness: 70"
2022/3/28 2:31,"Sentiment score: 5
Relatedness: 75"
2022/3/28 16:52,"Sentiment score: 30
Relatedness: 60"
2022/3/28 20:01,"Sentiment score: 30
Relatedness: 60"
2022/3/28 21:44,"Sentiment score: -20
Relatedness: 60"
2022/3/28 22:17,"Sentiment score: 70  
Relatedness: 20"
2022/3/15 21:58,"Sentiment score: 60
Relatedness: 85"
2022/3/15 23:56,"Sentiment score: 40
Relatedness: 80"
2022/3/16 0:43,"Sentiment score: 65
Relatedness: 80"
2022/3/16 1:16,"Sentiment score: 10
Relatedness: 80"
2022/3/16 4:25,"Sentiment score: 60
Relatedness: 75"
2022/3/16 5:46,"Sentiment score: -40
Relatedness: 70"
2022/3/16 13:08,"Sentiment score: 45
Relatedness: 70"
2022/3/16 20:32,"Sentiment score: 50
Relatedness: 80"
2022/3/16 20:51,"Sentiment score: 50
Relatedness: 20"
2022/5/23 17:34,"Sentiment score: 40
Relatedness: 75"
2022/5/23 18:11,"Sentiment score: -20
Relatedness: 75"
2022/5/23 18:23,"Sentiment score: -20
Relatedness: 70"
2022/5/23 18:50,"Sentiment score: 50
Relatedness: 75"
2022/5/23 20:19,"Sentiment score: 25
Relatedness: 65"
2022/5/23 20:26,"Sentiment score: -40
Relatedness: 70"
2022/5/23 20:30,"Sentiment score: -50
Relatedness: 70"
2022/5/23 21:49,"Sentiment score: -25
Relatedness: 75"
2022/5/23 22:03,"Sentiment score: 20
Relatedness: 75"
2022/5/23 23:00,"Sentiment score: 10
Relatedness: 70"
2022/5/23 23:22,"Sentiment score: -20
Relatedness: 60"
2022/5/23 23:52,"Sentiment score: 20
Relatedness: 60"
2022/5/24 0:37,"Sentiment score: 20
Relatedness: 60"
2022/5/24 0:40,"Sentiment score: 70
Relatedness: 80"
2022/5/24 2:43,"Sentiment score: -20
Relatedness: 60"
2022/5/24 3:11,"Sentiment score: 20
Relatedness: 75"
2022/5/24 5:46,"Sentiment score: 20
Relatedness: 70"
2022/5/24 14:02,"Sentiment score: -50
Relatedness: 80"
2022/5/24 15:01,"Sentiment score: -70
Relatedness: 85"
2022/5/24 15:18,"Sentiment score: 20
Relatedness: 70"
2022/5/31 17:24,"Sentiment score: -80
Relatedness: 70"
2022/5/31 17:25,"Sentiment score: -70
Relatedness: 20"
2020/6/7 6:21,"Sentiment score: 70
Relatedness: 90"
2020/6/7 6:36,"Sentiment score: 10
Relatedness: 90"
2020/6/7 14:36,"Sentiment score: 60
Relatedness: 70"
2020/6/7 15:39,"Sentiment score: -20
Relatedness: 80"
2020/6/7 16:43,"Sentiment score: 10
Relatedness: 75"
2020/6/7 16:55,"Sentiment score: 50
Relatedness: 80"
2020/6/7 17:02,"Sentiment score: 50
Relatedness: 60"
2022/7/7 17:49,"Sentiment score: -40
Relatedness: 70"
2022/7/12 3:36,"Sentiment score: 45
Relatedness: 70"
2021/9/15 19:27,"Sentiment score: 20
Relatedness: 60"
2021/9/15 20:08,"Sentiment score: 60  
Relatedness: 80"
2021/9/15 21:33,"Sentiment score: 25
Relatedness: 70"
2021/9/17 1:19,"Sentiment score: 50
Relatedness: 20"
2021/9/17 17:39,"Sentiment score: 70
Relatedness: 60"
2021/9/19 15:49,"Sentiment score: -20
Relatedness: 60"
2021/9/19 16:02,"Sentiment score: 20
Relatedness: 85"
2021/9/19 19:21,"Sentiment score: 65
Relatedness: 80"
2021/9/20 18:10,"Sentiment score: -30
Relatedness: 60"
2021/9/20 18:26,"Sentiment score: 60
Relatedness: 80"
2021/9/20 18:49,"Sentiment score: 50
Relatedness: 70"
2021/9/20 19:10,"Sentiment score: 70
Relatedness: 90"
2021/9/20 20:25,"Sentiment score: 70
Relatedness: 80"
2021/9/20 21:56,"Sentiment score: 50
Relatedness: 70"
2021/9/21 21:46,"Sentiment score: -40
Relatedness: 60"
2021/9/21 22:18,"Sentiment score: -20
Relatedness: 80"
2021/9/21 23:02,"Sentiment score: 10
Relatedness: 70"
2021/9/21 23:09,"Sentiment score: 65
Relatedness: 85"
2021/9/21 23:54,"Sentiment score: 70
Relatedness: 80"
2021/9/22 17:56,"Sentiment score: 60
Relatedness: 80"
2023/9/24 16:04,"Sentiment score: -70
Relatedness: 80"
2023/9/24 16:40,"Sentiment score: 0
Relatedness: 20"
2023/9/24 17:05,"Sentiment score: 20
Relatedness: 70"
2023/9/24 17:07,"Sentiment score: 30
Relatedness: 85"
2023/9/24 17:35,"Sentiment score: 25
Relatedness: 75"
2023/9/24 17:44,"Sentiment score: 60
Relatedness: 80"
2023/9/24 17:52,"Sentiment score: -10
Relatedness: 70"
2023/9/24 17:58,"Sentiment score: -60
Relatedness: 85"
2023/9/24 18:02,"Sentiment score: 50
Relatedness: 70"
2023/9/24 18:17,"Sentiment score: 5
Relatedness: 80"
2023/9/24 18:55,"Sentiment score: 20
Relatedness: 60"
2023/9/24 19:54,"Sentiment score: -30
Relatedness: 70"
2023/9/24 20:04,"Sentiment score: 10
Relatedness: 70"
2023/9/24 20:09,"Sentiment score: -40
Relatedness: 75"
2023/9/24 20:32,"Sentiment score: 30
Relatedness: 60"
2023/9/24 22:15,"Sentiment score: 10
Relatedness: 85"
2023/9/24 22:23,"Sentiment score: -10
Relatedness: 40"
2023/9/24 22:32,"Sentiment score: 10
Relatedness: 40"
2023/9/24 22:52,"Sentiment score: 47
Relatedness: 82"
2023/9/24 23:12,"Sentiment score: 10
Relatedness: 30"
2021/11/13 21:42,"Sentiment score: 63
Relatedness: 75"
2021/11/13 22:37,"Sentiment score: 40
Relatedness: 70"
2021/11/13 22:45,"Sentiment score: 52
Relatedness: 85"
2021/11/13 23:36,"Sentiment score: -10
Relatedness: 70"
2021/11/14 0:21,"Sentiment score: 70
Relatedness: 90"
2022/2/20 20:27,"Sentiment score: -70
Relatedness: 85"
2022/2/20 21:12,"Sentiment score: -45
Relatedness: 70"
2022/2/20 22:07,"Sentiment score: -20
Relatedness: 70"
2022/2/20 22:48,"Sentiment score: -15

Relatedness: 70"
2022/2/20 22:55,"Sentiment score: 20
Relatedness: 60"
2022/2/21 5:16,"Sentiment score: 15
Relatedness: 70"
2021/2/5 3:59,"Sentiment score: -20
Relatedness: 70"
2021/2/5 4:20,"Sentiment score: -30
Relatedness: 15"
2021/2/5 5:28,"Sentiment score: -70
Relatedness: 80"
2021/2/5 5:32,"Sentiment score: 60
Relatedness: 80"
2021/2/5 14:52,"Sentiment score: -80
Relatedness: 70"
2021/2/5 21:25,"Sentiment score: 75
Relatedness: 85"
2021/2/5 21:27,"Sentiment score: 50
Relatedness: 80"
2021/2/5 21:31,"Sentiment score: 40
Relatedness: 80"
2023/8/22 1:03,"Sentiment score: 50
Relatedness: 70"
2023/8/22 14:32,"Sentiment score: -70
Relatedness: 85"
2023/8/22 15:35,"Sentiment score: -30
Relatedness: 70"
2023/8/22 19:24,"Sentiment score: 75
Relatedness: 90"
2023/8/23 21:06,"Sentiment score: -70
Relatedness: 80"
2020/9/27 20:12,"Sentiment score: 70
Relatedness: 80"
2020/9/27 20:17,"Sentiment score: -10  
Relatedness: 70"
2020/9/28 8:29,"Sentiment score: -20
Relatedness: 30"
2020/9/28 19:52,"Sentiment score: -80

Relatedness: 60"
2020/9/28 19:58,"Sentiment score: -70
Relatedness: 60"
2020/9/28 21:27,"Sentiment score: -10
Relatedness: 70"
2020/9/28 22:32,"Sentiment score: -10
Relatedness: 70"
2020/9/28 23:32,"Sentiment score: -80
Relatedness: 60"
2020/9/28 23:59,"Sentiment score: -70
Relatedness: 90"
2020/9/29 0:28,"Sentiment score: -60
Relatedness: 70"
2020/9/29 0:41,"Sentiment score: -70
Relatedness: 60"
2020/9/29 1:10,"Sentiment score: -70
Relatedness: 40"
2020/9/29 17:43,"Sentiment score: -70
Relatedness: 60"
2020/9/29 17:44,"Sentiment score: -75 
Relatedness: 60"
2020/9/29 18:38,"Sentiment score: -50
Relatedness: 75"
2020/9/29 18:48,"Sentiment score: -75
Relatedness: 80"
2020/9/29 19:23,"Sentiment score: -80
Relatedness: 90"
2020/9/29 19:40,"Sentiment score: -60
Relatedness: 70"
2020/9/29 19:55,"Sentiment score: 70
Relatedness: 80"
2020/9/29 20:04,"Sentiment score: -70
Relatedness: 80"
2020/3/31 4:04,"Sentiment score: 70
Relatedness: 85"
2020/3/31 18:33,"Sentiment score: 25
Relatedness: 80"
2020/3/31 20:09,"Sentiment score: 40
Relatedness: 70"
2020/3/31 23:05,"Sentiment score: 50
Relatedness: 80"
2020/4/1 1:53,"Sentiment score: 10
Relatedness: 70"
2020/4/1 4:46,"Sentiment score: -45
Relatedness: 65"
2020/4/1 14:23,"Sentiment score: -10
Relatedness: 60"
2020/4/1 15:22,"Sentiment score: 70
Relatedness: 80"
2020/4/1 15:35,"Sentiment score: -70
Relatedness: 60"
2020/4/2 3:52,"Sentiment score: 30
Relatedness: 60"
2020/4/2 4:04,"Sentiment score: 65
Relatedness: 80"
2021/6/14 14:44,"Sentiment score: 20
Relatedness: 70"
2021/6/14 14:51,"Sentiment score: 45
Relatedness: 60"
2021/6/14 15:12,"Sentiment score: 45
Relatedness: 70"
2021/6/14 15:24,"Sentiment score:  15
Relatedness:  65"
2021/6/14 16:08,"Sentiment score: 10
Relatedness: 75"
2021/6/14 16:18,"Sentiment score: 30
Relatedness: 75"
2021/6/14 16:19,"Sentiment score: 30
Relatedness: 65"
2021/6/14 16:24,"Sentiment score: 45
Relatedness: 70"
2021/6/14 16:29,"Sentiment score: 0
Relatedness: 40"
2021/6/14 16:33,"Sentiment score: 5
Relatedness: 40"
2021/6/14 16:43,"Sentiment score: 40
Relatedness: 60"
2021/6/14 17:22,"Sentiment score: 50
Relatedness: 80"
2021/6/15 3:11,"Sentiment score: 50
Relatedness: 40"
2021/6/15 13:37,"Sentiment score: 55
Relatedness: 75"
2021/6/15 14:02,"Sentiment score: 20
Relatedness: 60"
2021/6/15 14:13,"Sentiment score: -20
Relatedness: 60"
2021/6/15 14:15,"Sentiment score: 30
Relatedness: 65"
2021/6/15 14:18,"Sentiment score: 20
Relatedness: 60"
2021/6/15 14:55,"Sentiment score: -20
Relatedness: 70"
2021/6/15 15:47,"Sentiment score: 45
Relatedness: 60"
2021/6/15 16:09,"Sentiment score: 25
Relatedness: 60"
2020/8/14 1:27,"Sentiment score: -30
Relatedness: 80"
2020/8/14 1:34,"Sentiment score: 10
Relatedness: 30"
2020/8/14 3:20,"Sentiment score: 70
Relatedness: 85"
2020/8/14 4:22,"Sentiment score: -45
Relatedness: 30"
2020/8/14 5:19,"Sentiment score: -30
Relatedness: 70"
2020/8/14 14:41,"Sentiment score: 25
Relatedness: 70"
2020/8/16 2:05,"Sentiment score: 50
Relatedness: 80"
2020/8/16 2:11,"Sentiment score: Neutral
Relatedness: 50"
2020/8/16 2:15,"Sentiment score: 25
Relatedness: 70"
2020/8/16 11:31,"Sentiment score: 30
Relatedness: 70"
2020/8/16 14:55,"Sentiment score: 50
Relatedness: 75"
2022/8/18 13:24,"Sentiment score: 30
Relatedness: 65"
2022/8/18 13:41,"Sentiment score: -15
Relatedness: 70"
2022/8/18 18:30,"Sentiment score: -20
Relatedness: 70"
2022/8/18 18:37,"Sentiment score: -30
Relatedness: 70"
2022/8/18 18:51,"Sentiment score: -20
Relatedness: 80"
2022/8/18 22:11,"Sentiment score: 20
Relatedness: 70"
2022/8/18 22:19,"Sentiment score: -40
Relatedness: 70"
2022/8/18 23:47,"Sentiment score: 0
Relatedness: 30"
2022/8/19 0:08,"Sentiment score: -30
Relatedness: 60"
2022/8/19 4:34,"Sentiment score: -20
Relatedness: 60"
2022/8/20 13:23,"Sentiment score: -70
Relatedness: 90"
2022/8/20 13:25,"Sentiment score: 10
Relatedness: 30"
2022/8/20 14:12,"Sentiment score: -70
Relatedness: 50"
2022/8/20 15:01,"Sentiment score: 40
Relatedness: 60"
2022/8/20 19:09,"Sentiment score: -70
Relatedness: 85"
2022/8/20 20:50,"Sentiment score: 0
Relatedness: 10"
2022/8/21 1:34,"Sentiment score: 50
Relatedness: 70"
2022/8/21 18:01,"Sentiment score: -30
Relatedness: 60"
2022/8/21 18:45,"Sentiment score: 0
Relatedness: 20"
2022/8/21 21:01,"Sentiment score: 10  
Relatedness: 30"
2023/11/20 20:34,"Sentiment score: 65
Relatedness: 80"
2023/11/20 20:49,"Sentiment score: 30
Relatedness: 70"
2023/11/20 20:58,"Sentiment score: 60
Relatedness: 80"
2023/11/20 22:14,"Sentiment score: -35  
Relatedness: 75"
2023/11/21 4:49,"Sentiment score: 75
Relatedness: 90"
2023/11/21 19:33,"Sentiment score: 50
Relatedness: 70"
2023/11/22 0:58,"Sentiment score: 25
Relatedness: 75"
2023/11/22 1:01,"Sentiment score: 40
Relatedness: 85"
2023/11/22 1:06,"Sentiment score: 20
Relatedness: 70"
2023/11/22 1:31,"Sentiment score: -60
Relatedness: 70"
2023/11/23 3:29,"Sentiment score: 25
Relatedness: 70"
2023/11/27 16:49,"Sentiment score: -40
Relatedness: 70"
2023/11/27 16:50,"Sentiment score: 15
Relatedness: 80"
2023/11/27 23:19,"Sentiment score: -80
Relatedness: 60"
2020/12/12 21:04,"Sentiment score: -20
Relatedness: 70"
2020/12/12 21:18,"Sentiment score: 25
Relatedness: 60"
2020/12/12 21:18,"Sentiment score: -70
Relatedness: 80"
2020/12/12 21:27,"Sentiment score: -20
Relatedness: 60"
2020/12/12 21:28,"Sentiment score: -10
Relatedness: 60"
2020/12/12 21:36,"Sentiment score: 10 
Relatedness: 60"
2020/12/12 21:39,"Sentiment score: 70
Relatedness: 85"
2020/12/12 21:46,"Sentiment score: 63
Relatedness: 45"
2020/12/12 21:47,"Sentiment score: 10
Relatedness: 80"
2020/12/12 22:04,"Sentiment score: 30
Relatedness: 75"
2020/12/12 22:12,"Sentiment score: 30
Relatedness: 70"
2020/12/12 22:15,"Sentiment score: -25
Relatedness: 65"
2020/12/12 22:21,"Sentiment score: -20
Relatedness: 40"
2020/12/12 22:22,"Sentiment score: -10
Relatedness: 70"
2020/12/12 22:27,"Sentiment score: -30
Relatedness: 40"
2020/12/12 23:59,"Sentiment score: 65
Relatedness: 85"
2020/12/13 0:07,"Sentiment score: 15
Relatedness: 85"
2020/12/13 0:31,"Sentiment score: -45
Relatedness: 70"
2020/12/13 0:35,"Sentiment score: 70
Relatedness: 90"
2020/12/13 0:40,"Sentiment score: 60
Relatedness: 80"
2021/3/4 23:33,"Sentiment score: -30
Relatedness: 50"
2021/3/4 23:59,"Sentiment score: 30
Relatedness: 70"
2021/3/5 0:05,"Sentiment score: 40
Relatedness: 60"
2021/3/5 0:06,"Sentiment score: -30
Relatedness: 50"
2021/3/5 0:23,"Sentiment score: 10
Relatedness: 50"
2021/3/5 0:42,"Sentiment score: 10
Relatedness: 20"
2021/3/5 0:48,"Sentiment score: 40
Relatedness: 70"
2021/3/5 1:17,"Sentiment score: -20
Relatedness: 30"
2021/3/5 1:25,"Sentiment score: 0
Relatedness: 70"
2021/3/5 1:36,"Sentiment score: 70
Relatedness: 60"
2021/3/5 1:38,"Sentiment score: -10
Relatedness: 30"
2021/3/5 1:45,"Sentiment score: 30
Relatedness: 70"
2021/3/5 1:53,"Sentiment score: 0
Relatedness: 10"
2021/3/5 2:28,"Sentiment score: -40
Relatedness: 75"
2021/3/5 3:30,"Sentiment score: 80
Relatedness: 60"
2021/3/5 5:41,"Sentiment score: 30
Relatedness: 75"
2021/3/5 5:45,"Sentiment score: 15
Relatedness: 20"
2021/3/5 5:50,"Sentiment score: -60
Relatedness: 20"
2021/3/5 14:12,"Sentiment score: 30
Relatedness: 80"
2021/3/5 16:22,"Sentiment score: 45
Relatedness: 80"
2020/10/3 15:45,"Sentiment score: 20
Relatedness: 70"
2020/10/3 15:53,"Sentiment score: -20
Relatedness: 30"
2020/10/3 15:53,"Sentiment score: 45
Relatedness: 75"
2020/10/3 15:56,"Sentiment score: 40
Relatedness: 60"
2020/10/3 15:57,"Sentiment score: 15
Relatedness: 60"
2020/10/3 16:21,"Sentiment score: 10
Relatedness: 70"
2020/10/3 16:26,"Sentiment score: 35
Relatedness: 80"
2020/10/3 16:29,"Sentiment score: 15
Relatedness: 60"
2020/10/3 16:32,"Sentiment score: 60
Relatedness: 80"
2020/10/3 16:32,"Sentiment score: 20
Relatedness: 60"
2020/10/3 16:32,"Sentiment score: 65  
Relatedness: 80"
2020/10/3 16:38,"Sentiment score: 10
Relatedness: 70"
2020/10/3 16:41,"Sentiment score: -30
Relatedness: 60"
2020/10/3 16:42,"Sentiment score: -10
Relatedness: 30"
2020/10/3 16:46,"Sentiment score: 0
Relatedness: 60"
2020/10/3 16:59,"Sentiment score: -10
Relatedness: 30"
2020/10/3 17:33,"Sentiment score: 70
Relatedness: 80"
2020/10/3 17:44,"Sentiment score: 50
Relatedness: 80"
2020/10/3 17:50,"Sentiment score: 70
Relatedness: 85"
2020/10/3 18:01,"Sentiment score: -10
Relatedness: 55"
2020/10/3 18:33,"Sentiment score: 20
Relatedness: 70"
2022/1/4 20:21,"Sentiment score: 25
Relatedness: 50"
2022/1/4 20:41,"Sentiment score: 45
Relatedness: 80"
2022/1/4 20:45,"Sentiment score: 60
Relatedness: 80"
2022/1/4 20:58,"Sentiment score: 40
Relatedness: 10"
2022/1/4 21:36,"Sentiment score: 75
Relatedness: 90"
2022/1/4 23:00,"Sentiment score: 60
Relatedness: 80"
2022/1/4 23:11,"Sentiment score: 50
Relatedness: 20"
2022/1/4 23:17,"Sentiment score: 60  
Relatedness: 80"
2022/1/5 0:45,"Sentiment score: 60
Relatedness: 80"
2022/1/5 1:58,"Sentiment score: 85
Relatedness: 60"
2022/1/5 4:25,"Sentiment score: 20
Relatedness: 70"
2022/1/5 4:37,"Sentiment score: 65
Relatedness: 40"
2022/1/5 12:04,"Sentiment score: 70
Relatedness: 60"
2022/1/5 15:44,"Sentiment score: 15
Relatedness: 5"
2022/1/5 18:54,"Sentiment score: 75
Relatedness: 60"
2022/1/5 23:52,"Sentiment score: 75
Relatedness: 85"
2022/2/1 20:05,"Sentiment score: 70
Relatedness: 80"
2022/2/1 23:21,"Sentiment score: 65
Relatedness: 80"
2022/2/4 18:16,"Sentiment score: 80
Relatedness: 70"
2022/2/4 19:19,"Sentiment score: 70
Relatedness: 80"
2022/8/22 2:17,"Sentiment score: 60
Relatedness: 80"
2022/8/22 2:33,"Sentiment score: -20
Relatedness: 50"
2022/8/22 2:53,"Sentiment score: 30
Relatedness: 70"
2022/8/22 2:56,"Sentiment score: 30
Relatedness: 60"
2022/8/22 3:02,"Sentiment score: 15
Relatedness: 80"
2022/8/22 3:03,"Sentiment score: 20
Relatedness: 60"
2022/8/22 3:12,"Sentiment score: -10
Relatedness: 80"
2022/8/22 3:18,"Sentiment score: -55
Relatedness: 60"
2022/8/22 3:22,"Sentiment score: 10
Relatedness: 80"
2022/8/22 3:41,"Sentiment score: 30
Relatedness: 60"
2022/8/22 4:23,"Sentiment score: 20
Relatedness: 60"
2022/8/22 14:08,"Sentiment score: 20
Relatedness: 70"
2022/9/5 2:46,"Sentiment score: -80
Relatedness: 75"
2022/9/5 15:32,"Sentiment score: -75 
Relatedness: 80"
2022/9/5 15:56,"Sentiment score: -10
Relatedness: 60"
2022/9/6 2:49,"Sentiment score: 0
Relatedness: 75"
2022/9/6 15:37,"Sentiment score: 10
Relatedness: 40"
2022/9/9 21:52,"Sentiment score: 20
Relatedness: 60"
2022/9/9 22:29,"Sentiment score: 20
Relatedness: 70"
2022/9/9 23:02,"Sentiment score: 20
Relatedness: 50"
2022/7/28 5:23,"Sentiment score: -20
Relatedness: 60"
2022/7/29 1:59,"Sentiment score: 60
Relatedness: 30"
2022/7/29 21:42,"Sentiment score: 20
Relatedness: 10"
2022/10/9 2:37,"Sentiment score: 40
Relatedness: 70"
2022/10/9 3:36,"Sentiment score: 25
Relatedness: 70"
2022/10/9 3:39,"Sentiment score: 50
Relatedness: 75"
2022/10/9 3:57,"Sentiment score: 15
Relatedness: 80"
2022/10/9 4:01,"Sentiment score: 45
Relatedness: 75"
2022/10/9 4:07,"Sentiment score: 20
Relatedness: 60"
2022/10/9 14:13,"Sentiment score: 60
Relatedness: 80"
2022/10/9 17:05,"Sentiment score: 60
Relatedness: 80"
2022/10/9 23:31,"Sentiment score: -20
Relatedness: 70"
2022/10/10 1:45,"Sentiment score: 10
Relatedness: 30"
2022/10/10 1:53,"Sentiment score: 60
Relatedness: 80"
2022/10/10 2:34,"Sentiment score: 40
Relatedness: 60"
2022/10/10 2:41,"Sentiment score: -30
Relatedness: 50"
2022/10/10 2:56,"Sentiment score: 40
Relatedness: 80"
2022/10/10 4:06,"Sentiment score: 60
Relatedness: 80"
2022/10/10 4:16,"Sentiment score: 20
Relatedness: 85"
2022/10/10 4:20,"Sentiment score: 30
Relatedness: 70"
2022/10/10 5:02,"Sentiment score: -30
Relatedness: 60"
2022/10/10 13:19,"Sentiment score: 15
Relatedness: 80"
2022/10/10 13:26,"Sentiment score: 30
Relatedness: 70"
2022/10/10 13:32,"Sentiment score: 60
Relatedness: 75"
2021/5/10 17:42,"Sentiment score: -80
Relatedness: 90"
2021/5/10 18:20,"Sentiment score: -30
Relatedness: 70"
2021/5/10 18:28,"Sentiment score: 50
Relatedness: 70"
2021/5/10 19:05,"Sentiment score: 45
Relatedness: 70"
2021/5/10 19:55,"Sentiment score: 0
Relatedness: 50"
2020/11/25 15:04,"Sentiment score: 20
Relatedness: 75"
2021/1/3 19:27,"Sentiment score: 50
Relatedness: 70"
2021/1/4 14:08,"Sentiment score: -70
Relatedness: 80"
2021/1/4 18:36,"Sentiment score: -70
Relatedness: 60"
2021/1/5 2:02,"Sentiment score: -10
Relatedness: 60"
2021/1/5 14:44,"Sentiment score: -45
Relatedness: 60"
2022/6/23 19:49,"Sentiment score: 60
Relatedness: 80"
2022/6/23 20:37,"Sentiment score: 5
Relatedness: 75"
2022/6/24 19:50,"Sentiment score: 5
Relatedness: 75"
2022/6/24 22:00,"Sentiment score: 25
Relatedness: 70"
2022/6/28 3:50,"Sentiment score: -10
Relatedness: 30"
2020/1/3 22:54,"Sentiment score: -80
Relatedness: 50"
2020/1/4 1:02,"Sentiment score: 80
Relatedness: 40"
2020/1/4 1:58,"Sentiment score: 70
Relatedness: 85"
2020/1/4 2:27,"Sentiment score: 10
Relatedness: 60"
2020/1/4 2:51,"Sentiment score: 60
Relatedness: 40"
2020/1/4 3:37,"Sentiment score: -45
Relatedness: 60"
2020/1/4 3:58,"Sentiment score: 50
Relatedness: 80"
2020/1/4 4:02,"Sentiment score: 70
Relatedness: 80"
2020/1/4 5:43,"Sentiment score: 40   
Relatedness: 70"
2020/1/4 13:29,"Sentiment score: 20
Relatedness: 50"
2020/1/4 15:03,"Sentiment score: 64
Relatedness: 72"
2020/1/4 19:13,"Sentiment score: 25
Relatedness: 70"
2020/1/5 7:35,"Sentiment score: -60  
Relatedness: 70"
2020/1/5 7:45,"Sentiment score: -30
Relatedness: 60"
2020/1/5 9:03,"Sentiment score: 15
Relatedness: 60"
2020/1/5 21:26,"Sentiment score: 50
Relatedness: 75"
2020/1/5 22:42,"Sentiment score: 65
Relatedness: 80"
2020/1/5 22:52,"Sentiment score: 40
Relatedness: 70"
2020/1/6 15:18,"Sentiment score: 12
Relatedness: 67"
2020/1/6 15:48,"Sentiment score: 10
Relatedness: 70"
2020/9/27 17:23,"Sentiment score: 25
Relatedness: 70"
2020/9/27 18:41,"Sentiment score: 20
Relatedness: 60"
2020/9/27 19:57,"Sentiment score: 40
Relatedness: 60"
2020/9/27 22:28,"Sentiment score: -50
Relatedness: 70"
2020/9/27 22:59,"Sentiment score: 70
Relatedness: 50"
2020/9/28 0:17,"Sentiment score: 20
Relatedness: 40"
2020/9/28 1:18,"Sentiment score: 50
Relatedness: 70"
2020/9/28 4:26,"Sentiment score: 60
Relatedness: 80"
2020/9/28 12:23,"Sentiment score: -65
Relatedness: 30"
2020/9/28 13:27,"Sentiment score: 10
Relatedness: 30"
2020/9/28 15:07,"Sentiment score: 20
Relatedness: 70"
2020/9/28 15:18,"Sentiment score: 70
Relatedness: 85"
2020/9/28 15:23,"Sentiment score: 50
Relatedness: 70"
2020/9/28 16:35,"Sentiment score: 70
Relatedness: 85"
2020/9/28 17:12,"Sentiment score: 50
Relatedness: 70"
2020/9/28 19:25,"Sentiment score: 40

Relatedness: 70"
2020/9/28 19:58,"Sentiment score: -20
Relatedness: 60"
2020/9/28 20:14,"Sentiment score: -60
Relatedness: 75"
2020/9/28 20:21,"Sentiment score: -60
Relatedness: 20"
2022/7/12 18:34,"Sentiment score: 20
Relatedness: 80"
2022/7/12 18:36,"Sentiment score: -60
Relatedness: 20"
2022/7/12 20:08,"Sentiment score: 10
Relatedness: 75"
2022/7/13 5:51,"Sentiment score: 20
Relatedness: 70"
2022/7/13 15:18,"Sentiment score: 80
Relatedness: 10"
2022/7/13 17:00,"Sentiment score: 30
Relatedness: 40"
2022/7/15 19:51,"Sentiment score: 40
Relatedness: 60"
2022/7/16 5:53,"Sentiment score: 75
Relatedness: 85"
2022/7/16 15:45,"Sentiment score: 20
Relatedness: 80"
2022/7/18 16:03,"Sentiment score: 15
Relatedness: 50"
2022/7/20 18:39,"Sentiment score: 60
Relatedness: 80"
2022/7/20 18:40,"Sentiment score: 20
Relatedness: 60"
2022/7/20 20:01,"Sentiment score: 10
Relatedness: 20"
2022/7/20 20:29,"Sentiment score: 60
Relatedness: 80"
2022/7/20 21:23,"Sentiment score: -10
Relatedness: 30"
2022/8/1 18:13,"Sentiment score: 60
Relatedness: 20"
2022/8/26 17:29,"Sentiment score: 30
Relatedness: 60"
2022/8/26 17:40,"Sentiment score: 10
Relatedness: 20"
2021/5/16 18:43,"Sentiment score: -20
Relatedness: 60"
2021/5/16 19:30,"Sentiment score: -15
Relatedness: 75"
2021/5/16 19:49,"Sentiment score: 15
Relatedness: 70"
2021/5/16 21:24,"Sentiment score: 20
Relatedness: 70"
2021/5/16 23:22,"Sentiment score: 60
Relatedness: 80"
2020/2/5 22:59,"Sentiment score: 30  
Relatedness: 70"
2020/2/6 0:05,"Sentiment score: -70
Relatedness: 80"
2020/2/6 1:14,"Sentiment score: 20
Relatedness: 60"
2020/2/6 3:03,"Sentiment score: -85
Relatedness: 30"
2020/2/6 15:37,"Sentiment score: 60
Relatedness: 80"
2020/2/6 17:53,"Sentiment score: 10
Relatedness: 80"
2020/2/6 18:43,"Sentiment score: 30
Relatedness: 70"
2020/2/6 18:46,"Sentiment score: 20
Relatedness: 70"
2020/2/6 18:53,"Sentiment score: -20
Relatedness: 70"
2020/2/6 19:32,"Sentiment score: -40
Relatedness: 80"
2020/2/6 19:51,"Sentiment score: 75
Relatedness: 80"
2020/2/6 21:31,"Sentiment score: -60
Relatedness: 70"
2020/2/8 0:43,"Sentiment score: -50
Relatedness: 75"
2020/2/8 3:28,"Sentiment score: 60
Relatedness: 80"
2020/2/8 5:18,"Sentiment score: 50
Relatedness: 80"
2020/2/8 16:39,"Sentiment score: -75
Relatedness: 90"
2020/2/8 18:43,"Sentiment score: -60
Relatedness: 80"
2020/2/8 18:48,"Sentiment score: 60
Relatedness: 75"
2020/2/8 19:06,"Sentiment score: 70
Relatedness: 80"
2020/2/8 19:29,"Sentiment score: 50
Relatedness: 80"
2020/2/8 19:33,"Sentiment score: 60
Relatedness: 80"
2020/2/27 20:58,"Sentiment score: -30
Relatedness: 50"
2020/2/27 21:21,"Sentiment score: -40
Relatedness: 65"
2020/2/27 21:26,"Sentiment score: -65
Relatedness: 30"
2020/2/27 21:29,"Sentiment score: 10
Relatedness: 20"
2020/2/27 21:31,"Sentiment score: 30
Relatedness: 70"
2020/2/27 23:20,"Sentiment score: -30
Relatedness: 60"
2020/2/27 23:23,"Sentiment score: 50
Relatedness: 30"
2020/2/28 0:48,"Sentiment score: -60
Relatedness: 30"
2020/2/28 1:21,"Sentiment score: -20
Relatedness: 70"
2020/2/28 18:14,"Sentiment score: -70
Relatedness: 60"
2020/2/28 19:47,"Sentiment score: -20
Relatedness: 70"
2020/2/28 20:47,"Sentiment score: 10
Relatedness: 20"
2020/2/28 21:05,"Sentiment score: -40 
Relatedness: 60"
2020/2/29 20:12,"Sentiment score: -50
Relatedness: 70"
2020/2/29 21:27,"Sentiment score: 25
Relatedness: 80"
2020/2/29 21:56,"Sentiment score: 30
Relatedness: 80"
2020/2/29 23:29,"Sentiment score: -70
Relatedness: 30"
2020/3/2 21:06,"Sentiment score: -80
Relatedness: 70"
2020/3/2 21:18,"Sentiment score: -85
Relatedness: 75"
2020/3/2 23:07,"Sentiment score: -70
Relatedness: 80"
2020/3/2 23:52,"Sentiment score: -70
Relatedness: 60"
2021/6/17 4:32,"Sentiment score: 10

Relatedness: 70"
2021/6/17 13:06,"Sentiment score: 40
Relatedness: 60"
2021/6/17 13:27,"Sentiment score: -20
Relatedness: 65"
2021/6/17 13:50,"Sentiment score: 50
Relatedness: 70"
2021/6/17 14:07,"Sentiment score: -50
Relatedness: 80"
2021/6/17 14:14,"Sentiment score: 25
Relatedness: 70"
2021/6/17 15:00,"Sentiment score: 20
Relatedness: 70"
2021/6/17 16:02,"Sentiment score: 60
Relatedness: 90"
2021/6/17 17:00,"Sentiment score: 20
Relatedness: 80"
2021/6/17 17:52,"Sentiment score: 15
Relatedness: 70"
2021/6/17 17:57,"Sentiment score: 50
Relatedness: 80"
2021/6/17 18:24,"Sentiment score: 65
Relatedness: 80"
2021/6/17 18:42,"Sentiment score: 20
Relatedness: 60"
2021/6/17 19:14,"Sentiment score: 10
Relatedness: 70"
2021/6/17 21:50,"Sentiment score: 50
Relatedness: 70"
2021/6/17 23:09,"Sentiment score: 60
Relatedness: 70"
2021/6/17 23:51,"Sentiment score: 37

Relatedness: 78"
2021/6/18 0:51,"Sentiment score: 50
Relatedness: 70"
2021/6/18 1:10,"Sentiment score: 60
Relatedness: 80"
2021/6/18 1:10,"Sentiment score: 60
Relatedness: 80"